0,-0.2288818359375,0.12860107421875
1,-0.2393798828125,0.131561279296875
2,-0.23779296875,0.127960205078125
3,-0.225189208984375,0.118865966796875
4,-0.20367431640625,0.10565185546875
5,-0.175445556640625,0.088958740234375
6,-0.142974853515625,0.06927490234375
7,-0.10906982421875,0.0479736328125
8,-0.076995849609375,0.02783203125
9,-0.0501708984375,0.0120849609375
10,-0.031402587890625,0.002899169921875
11,-0.022247314453125,0.000823974609375
12,-0.022918701171875,0.0052490234375
13,-0.032501220703125,0.015594482421875
14,-0.049835205078125,0.031707763671875
15,-0.07373046875,0.05303955078125
16,-0.102783203125,0.077850341796875
17,-0.134857177734375,0.102996826171875
18,-0.16668701171875,0.125
19,-0.1943359375,0.141387939453125
20,-0.214324951171875,0.151092529296875
21,-0.22454833984375,0.15399169921875
22,-0.224395751953125,0.150360107421875
23,-0.214385986328125,0.140380859375
24,-0.195556640625,0.12457275390625
25,-0.169586181640625,0.10400390625
26,-0.1390380859375,0.080535888671875
27,-0.107086181640625,0.05633544921875
28,-0.077056884765625,0.033843994140625
29,-0.0516357421875,0.01556396484375
30,-0.032989501953125,0.0037841796875
31,-0.02288818359375,0.00018310546875
32,-0.02264404296875,0.005218505859375
33,-0.032470703125,0.017974853515625
34,-0.050811767578125,0.03662109375
35,-0.0748291015625,0.0594482421875
36,-0.101593017578125,0.085205078125
37,-0.12921142578125,0.112579345703125
38,-0.156402587890625,0.139190673828125
39,-0.181396484375,0.161376953125
40,-0.200897216796875,0.175201416015625
41,-0.21124267578125,0.17840576171875
42,-0.210418701171875,0.17169189453125
43,-0.199249267578125,0.157928466796875
44,-0.180572509765625,0.139892578125
45,-0.157196044921875,0.11871337890625
46,-0.13067626953125,0.094146728515625
47,-0.101959228515625,0.066802978515625
48,-0.0731201171875,0.039794921875
49,-0.047943115234375,0.01800537109375
50,-0.030487060546875,0.005462646484375
51,-0.0228271484375,0.00311279296875
52,-0.02423095703125,0.009124755859375
53,-0.032501220703125,0.02117919921875
54,-0.046173095703125,0.03863525390625
55,-0.06524658203125,0.061981201171875
56,-0.089935302734375,0.0906982421875
57,-0.118865966796875,0.12139892578125
58,-0.148162841796875,0.149078369140625
59,-0.17279052734375,0.16973876953125
60,-0.188934326171875,0.1822509765625
61,-0.19537353515625,0.1876220703125
62,-0.1932373046875,0.18646240234375
63,-0.18426513671875,0.17767333984375
64,-0.16961669921875,0.159576416015625
65,-0.1497802734375,0.132568359375
66,-0.125396728515625,0.100250244140625
67,-0.0982666015625,0.068115234375
68,-0.071533203125,0.040802001953125
69,-0.048614501953125,0.0206298828125
70,-0.03216552734375,0.00811767578125
71,-0.0234375,0.00360107421875
72,-0.022735595703125,0.00775146484375
73,-0.029937744140625,0.020965576171875
74,-0.04449462890625,0.042327880859375
75,-0.065185546875,0.06939697265625
76,-0.08966064453125,0.099334716796875
77,-0.115020751953125,0.1295166015625
78,-0.13861083984375,0.157470703125
79,-0.158782958984375,0.180633544921875
80,-0.174346923828125,0.1964111328125
81,-0.183624267578125,0.202850341796875
82,-0.18450927734375,0.19940185546875
83,-0.17578125,0.18670654296875
84,-0.158538818359375,0.166107177734375
85,-0.136322021484375,0.139373779296875
86,-0.11322021484375,0.10906982421875
87,-0.0914306640625,0.078460693359375
88,-0.0709228515625,0.050994873046875
89,-0.05120849609375,0.029296875
90,-0.0335693359375,0.01483154296875
91,-0.021514892578125,0.00848388671875
92,-0.01837158203125,0.01129150390625
93,-0.02490234375,0.024139404296875
94,-0.03900146484375,0.046539306640625
95,-0.057525634765625,0.07568359375
96,-0.078460693359375,0.10736083984375
97,-0.10107421875,0.1378173828125
98,-0.124114990234375,0.16522216796875
99,-0.144744873046875,0.18896484375
100,-0.15924072265625,0.207672119140625
101,-0.165374755859375,0.21820068359375
102,-0.163360595703125,0.217041015625
103,-0.155242919921875,0.202911376953125
104,-0.142608642578125,0.178009033203125
105,-0.126068115234375,0.14691162109375
106,-0.10595703125,0.1141357421875
107,-0.083740234375,0.08245849609375
108,-0.062164306640625,0.053619384765625
109,-0.043731689453125,0.02960205078125
110,-0.029876708984375,0.0130615234375
111,-0.0211181640625,0.00640869140625
112,-0.0181884765625,0.010498046875
113,-0.022369384765625,0.024444580078125
114,-0.034332275390625,0.04656982421875
115,-0.053009033203125,0.075042724609375
116,-0.07550048828125,0.10797119140625
117,-0.09844970703125,0.14239501953125
118,-0.119415283203125,0.174468994140625
119,-0.136810302734375,0.200439453125
120,-0.149139404296875,0.2177734375
121,-0.154998779296875,0.2255859375
122,-0.153533935546875,0.22369384765625
123,-0.145660400390625,0.2120361328125
124,-0.13336181640625,0.19091796875
125,-0.118316650390625,0.161773681640625
126,-0.100860595703125,0.127593994140625
127,-0.080780029296875,0.092315673828125
128,-0.0592041015625,0.059783935546875
129,-0.039215087890625,0.033050537109375
130,-0.024627685546875,0.014678955078125
131,-0.0177001953125,0.0068359375
132,-0.0181884765625,0.0108642578125
133,-0.0244140625,0.0263671875
134,-0.03509521484375,0.051025390625
135,-0.04974365234375,0.081512451171875
136,-0.06781005859375,0.114837646484375
137,-0.08758544921875,0.148773193359375
138,-0.106414794921875,0.180908203125
139,-0.122100830078125,0.208038330078125
140,-0.13360595703125,0.226409912109375
141,-0.140625,0.23333740234375
142,-0.142578125,0.22857666015625
143,-0.13848876953125,0.2138671875
144,-0.128082275390625,0.191680908203125
145,-0.112579345703125,0.1636962890625
146,-0.094390869140625,0.13128662109375
147,-0.075836181640625,0.096649169921875
148,-0.058135986328125,0.063568115234375
149,-0.0418701171875,0.03631591796875
150,-0.02825927734375,0.0181884765625
151,-0.019287109375,0.010406494140625
152,-0.016632080078125,0.012847900390625
153,-0.020416259765625,0.025482177734375
154,-0.029083251953125,0.048370361328125
155,-0.04071044921875,0.080657958984375
156,-0.05426025390625,0.11920166015625
157,-0.06939697265625,0.158477783203125
158,-0.085723876953125,0.192718505859375
159,-0.101654052734375,0.218017578125
160,-0.1148681640625,0.23345947265625
161,-0.123382568359375,0.239715576171875
162,-0.12615966796875,0.2374267578125
163,-0.12310791015625,0.226043701171875
164,-0.114654541015625,0.20477294921875
165,-0.101654052734375,0.17431640625
166,-0.0855712890625,0.137847900390625
167,-0.06842041015625,0.100311279296875
168,-0.052276611328125,0.06671142578125
169,-0.038604736328125,0.040374755859375
170,-0.028228759765625,0.022857666015625
171,-0.021759033203125,0.014678955078125
172,-0.01971435546875,0.016510009765625
173,-0.022430419921875,0.029205322265625
174,-0.029449462890625,0.0528564453125
175,-0.039703369140625,0.0855712890625
176,-0.052001953125,0.123260498046875
177,-0.0654296875,0.160858154296875
178,-0.07916259765625,0.194061279296875
179,-0.092010498046875,0.220428466796875
180,-0.102264404296875,0.23895263671875
181,-0.108367919921875,0.2486572265625
182,-0.109649658203125,0.24798583984375
183,-0.106475830078125,0.23553466796875
184,-0.099456787109375,0.211517333984375
185,-0.089111328125,0.178558349609375
186,-0.0760498046875,0.14117431640625
187,-0.061553955078125,0.1038818359375
188,-0.0474853515625,0.070159912109375
189,-0.035614013671875,0.0423583984375
190,-0.026611328125,0.0225830078125
191,-0.020416259765625,0.01300048828125
192,-0.01708984375,0.015289306640625
193,-0.0174560546875,0.029449462890625
194,-0.022369384765625,0.05377197265625
195,-0.031280517578125,0.08544921875
196,-0.042236328125,0.12158203125
197,-0.0531005859375,0.15936279296875
198,-0.063232421875,0.195587158203125
199,-0.073333740234375,0.2261962890625
200,-0.083709716796875,0.2471923828125
201,-0.092681884765625,0.256103515625
202,-0.09698486328125,0.25262451171875
203,-0.094390869140625,0.238189697265625
204,-0.08563232421875,0.214752197265625
205,-0.074066162109375,0.184112548828125
206,-0.062774658203125,0.148223876953125
207,-0.052825927734375,0.110321044921875
208,-0.043304443359375,0.074493408203125
209,-0.033447265625,0.044921875
210,-0.024261474609375,0.024566650390625
211,-0.017669677734375,0.014923095703125
212,-0.0147705078125,0.01666259765625
213,-0.01519775390625,0.0301513671875
214,-0.018035888671875,0.0548095703125
215,-0.023193359375,0.08843994140625
216,-0.0313720703125,0.12689208984375
217,-0.042633056640625,0.165374755859375
218,-0.0550537109375,0.2000732421875
219,-0.0655517578125,0.228790283203125
220,-0.07208251953125,0.25018310546875
221,-0.07489013671875,0.26220703125
222,-0.075592041015625,0.2623291015625
223,-0.075103759765625,0.248748779296875
224,-0.07257080078125,0.22247314453125
225,-0.066558837890625,0.187469482421875
226,-0.05706787109375,0.149139404296875
227,-0.046173095703125,0.111846923828125
228,-0.036529541015625,0.07806396484375
229,-0.029327392578125,0.04913330078125
230,-0.02386474609375,0.02703857421875
231,-0.01904296875,0.014892578125
232,-0.01513671875,0.0157470703125
233,-0.01373291015625,0.0303955078125
234,-0.016204833984375,0.05670166015625
235,-0.022247314453125,0.090484619140625
236,-0.029998779296875,0.127532958984375
237,-0.037628173828125,0.164794921875
238,-0.04473876953125,0.20013427734375
239,-0.051788330078125,0.231048583984375
240,-0.058746337890625,0.254241943359375
241,-0.064178466796875,0.266082763671875
242,-0.066009521484375,0.264434814453125
243,-0.063323974609375,0.24951171875
244,-0.0572509765625,0.2237548828125
245,-0.050048828125,0.190460205078125
246,-0.043548583984375,0.153106689453125
247,-0.0379638671875,0.114990234375
248,-0.032470703125,0.07958984375
249,-0.026611328125,0.050567626953125
250,-0.020904541015625,0.03076171875
251,-0.0164794921875,0.021636962890625
252,-0.013885498046875,0.02325439453125
253,-0.012725830078125,0.035186767578125
254,-0.012420654296875,0.057098388671875
255,-0.013031005859375,0.088409423828125
256,-0.015289306640625,0.126983642578125
257,-0.019775390625,0.16851806640625
258,-0.025726318359375,0.2073974609375
259,-0.031280517578125,0.238525390625
260,-0.03485107421875,0.2591552734375
261,-0.036407470703125,0.26861572265625
262,-0.03759765625,0.26715087890625
263,-0.03997802734375,0.254791259765625
264,-0.043304443359375,0.231475830078125
265,-0.04541015625,0.198455810546875
266,-0.043792724609375,0.15911865234375
267,-0.03778076171875,0.118377685546875
268,-0.029266357421875,0.081085205078125
269,-0.02142333984375,0.050628662109375
270,-0.0162353515625,0.029052734375
271,-0.013427734375,0.01776123046875
272,-0.0113525390625,0.018096923828125
273,-0.0087890625,0.031036376953125
274,-0.0062255859375,0.055908203125
275,-0.005126953125,0.090118408203125
276,-0.00634765625,0.129608154296875
277,-0.009368896484375,0.169952392578125
278,-0.012847900390625,0.20745849609375
279,-0.01593017578125,0.23919677734375
280,-0.018951416015625,0.26263427734375
281,-0.022735595703125,0.275360107421875
282,-0.02716064453125,0.2752685546875
283,-0.030853271484375,0.261505126953125
284,-0.032073974609375,0.23516845703125
285,-0.030303955078125,0.199371337890625
286,-0.026641845703125,0.1588134765625
287,-0.023040771484375,0.118316650390625
288,-0.02069091796875,0.081939697265625
289,-0.019287109375,0.0523681640625
290,-0.017547607421875,0.031219482421875
291,-0.014434814453125,0.019927978515625
292,-0.0101318359375,0.020050048828125
293,-0.005615234375,0.0325927734375
294,-0.001922607421875,0.057098388671875
295,0.000640869140625,0.090911865234375
296,0.00250244140625,0.129852294921875
297,0.0040283203125,0.169464111328125
298,0.005157470703125,0.206085205078125
299,0.005096435546875,0.236968994140625
300,0.003021240234375,0.259674072265625
301,-0.001251220703125,0.271636962890625
302,-0.006866455078125,0.270843505859375
303,-0.01202392578125,0.256805419921875
304,-0.01507568359375,0.23126220703125
305,-0.0155029296875,0.197601318359375
306,-0.014404296875,0.159820556640625
307,-0.01361083984375,0.121368408203125
308,-0.014373779296875,0.08526611328125
309,-0.016021728515625,0.054290771484375
310,-0.016357421875,0.031402587890625
311,-0.013427734375,0.019287109375
312,-0.007171630859375,0.019805908203125
313,0.00042724609375,0.033355712890625
314,0.00689697265625,0.05859375
315,0.011199951171875,0.092803955078125
316,0.014251708984375,0.132049560546875
317,0.017669677734375,0.171875
318,0.02178955078125,0.2080078125
319,0.025177001953125,0.237213134765625
320,0.025909423828125,0.257415771484375
321,0.023284912109375,0.26751708984375
322,0.018463134765625,0.2667236328125
323,0.01324462890625,0.254608154296875
324,0.008392333984375,0.231414794921875
325,0.003265380859375,0.199005126953125
326,-0.002899169921875,0.160919189453125
327,-0.009521484375,0.121612548828125
328,-0.0145263671875,0.085205078125
329,-0.016143798828125,0.054779052734375
330,-0.01434326171875,0.032501220703125
331,-0.010833740234375,0.020263671875
332,-0.00726318359375,0.019775390625
333,-0.003570556640625,0.032012939453125
334,0.001678466796875,0.05633544921875
335,0.009521484375,0.089996337890625
336,0.0189208984375,0.128936767578125
337,0.027435302734375,0.168701171875
338,0.03302001953125,0.20556640625
339,0.03564453125,0.23638916015625
340,0.036712646484375,0.25848388671875
341,0.03717041015625,0.269439697265625
342,0.03631591796875,0.267791748046875
343,0.032684326171875,0.253662109375
344,0.02569580078125,0.22894287109375
345,0.016815185546875,0.196868896484375
346,0.00848388671875,0.160797119140625
347,0.002197265625,0.12371826171875
348,-0.002349853515625,0.088226318359375
349,-0.00634765625,0.05712890625
350,-0.009857177734375,0.033782958984375
351,-0.01141357421875,0.021270751953125
352,-0.009033203125,0.021484375
353,-0.002105712890625,0.03436279296875
354,0.0079345703125,0.058074951171875
355,0.018768310546875,0.089691162109375
356,0.028533935546875,0.126007080078125
357,0.03668212890625,0.16387939453125
358,0.04327392578125,0.199920654296875
359,0.0484619140625,0.23052978515625
360,0.051971435546875,0.252410888671875
361,0.053497314453125,0.263153076171875
362,0.05291748046875,0.261962890625
363,0.049957275390625,0.249298095703125
364,0.044097900390625,0.2266845703125
365,0.035125732421875,0.19610595703125
366,0.02392578125,0.16015625
367,0.01263427734375,0.1221923828125
368,0.003631591796875,0.08599853515625
369,-0.001983642578125,0.055450439453125
370,-0.0047607421875,0.033447265625
371,-0.00555419921875,0.021881103515625
372,-0.004302978515625,0.021514892578125
373,0.000396728515625,0.032440185546875
374,0.009735107421875,0.054229736328125
375,0.022979736328125,0.08544921875
376,0.037445068359375,0.123138427734375
377,0.05023193359375,0.162933349609375
378,0.06005859375,0.199859619140625
379,0.0675048828125,0.229705810546875
380,0.073486328125,0.249847412109375
381,0.077423095703125,0.25933837890625
382,0.07745361328125,0.2581787109375
383,0.071929931640625,0.24658203125
384,0.06121826171875,0.22503662109375
385,0.047607421875,0.19488525390625
386,0.03375244140625,0.1588134765625
387,0.02117919921875,0.12066650390625
388,0.01019287109375,0.08477783203125
389,0.00103759765625,0.054931640625
390,-0.005218505859375,0.033721923828125
391,-0.007080078125,0.022857666015625
392,-0.00341796875,0.023040771484375
393,0.005401611328125,0.0343017578125
394,0.01800537109375,0.05560302734375
395,0.0325927734375,0.0848388671875
396,0.047760009765625,0.1192626953125
397,0.06243896484375,0.1556396484375
398,0.07550048828125,0.190673828125
399,0.085723876953125,0.220947265625
400,0.09185791015625,0.24322509765625
401,0.09332275390625,0.2548828125
402,0.09014892578125,0.25469970703125
403,0.083099365234375,0.243011474609375
404,0.073150634765625,0.22137451171875
405,0.061126708984375,0.19189453125
406,0.047698974609375,0.15704345703125
407,0.0333251953125,0.119873046875
408,0.0189208984375,0.08428955078125
409,0.00616455078125,0.05450439453125
410,-0.00250244140625,0.03399658203125
411,-0.004913330078125,0.024383544921875
412,-3.0517578125e-05,0.025543212890625
413,0.0111083984375,0.036590576171875
414,0.0262451171875,0.05645751953125
415,0.04296875,0.0841064453125
416,0.059844970703125,0.117431640625
417,0.076263427734375,0.152984619140625
418,0.0916748046875,0.186492919921875
419,0.10467529296875,0.214324951171875
420,0.11322021484375,0.23419189453125
421,0.11578369140625,0.245025634765625
422,0.112030029296875,0.24609375
423,0.102874755859375,0.236724853515625
424,0.089691162109375,0.216949462890625
425,0.073699951171875,0.1883544921875
426,0.055877685546875,0.154266357421875
427,0.037322998046875,0.11871337890625
428,0.01983642578125,0.085296630859375
429,0.005645751953125,0.05657958984375
430,-0.0029296875,0.034698486328125
431,-0.00457763671875,0.021697998046875
432,0.00079345703125,0.01953125
433,0.011993408203125,0.02899169921875
434,0.027252197265625,0.049224853515625
435,0.044921875,0.07769775390625
436,0.06402587890625,0.110931396484375
437,0.083648681640625,0.145416259765625
438,0.102294921875,0.1778564453125
439,0.117584228515625,0.205230712890625
440,0.12713623046875,0.22503662109375
441,0.1297607421875,0.23565673828125
442,0.1259765625,0.2364501953125
443,0.117218017578125,0.227569580078125
444,0.1043701171875,0.209564208984375
445,0.08746337890625,0.183380126953125
446,0.066741943359375,0.15106201171875
447,0.044219970703125,0.115966796875
448,0.023681640625,0.082305908203125
449,0.00909423828125,0.0540771484375
450,0.0020751953125,0.033935546875
451,0.001617431640625,0.023162841796875
452,0.005706787109375,0.022247314453125
453,0.01361083984375,0.03125
454,0.026397705078125,0.049591064453125
455,0.045074462890625,0.075592041015625
456,0.068511962890625,0.1063232421875
457,0.093109130859375,0.1383056640625
458,0.11456298828125,0.168548583984375
459,0.130157470703125,0.19482421875
460,0.13934326171875,0.21527099609375
461,0.14263916015625,0.227752685546875
462,0.140167236328125,0.230224609375
463,0.131622314453125,0.221588134765625
464,0.117034912109375,0.202667236328125
465,0.097747802734375,0.175994873046875
466,0.076019287109375,0.144744873046875
467,0.054168701171875,0.11199951171875
468,0.034088134765625,0.0804443359375
469,0.017364501953125,0.053009033203125
470,0.00555419921875,0.032745361328125
471,0.00030517578125,0.0223388671875
472,0.002532958984375,0.022857666015625
473,0.0123291015625,0.03338623046875
474,0.028961181640625,0.051544189453125
475,0.051025390625,0.074981689453125
476,0.076324462890625,0.102020263671875
477,0.101776123046875,0.131561279296875
478,0.124053955078125,0.16180419921875
479,0.14080810546875,0.18963623046875
480,0.15142822265625,0.211090087890625
481,0.156341552734375,0.22265625
482,0.1556396484375,0.222900390625
483,0.148193359375,0.212677001953125
484,0.1326904296875,0.194488525390625
485,0.109710693359375,0.170745849609375
486,0.082611083984375,0.14312744140625
487,0.05633544921875,0.11285400390625
488,0.03472900390625,0.081878662109375
489,0.019012451171875,0.0535888671875
490,0.0086669921875,0.03216552734375
491,0.00347900390625,0.0208740234375
492,0.00457763671875,0.020660400390625
493,0.013671875,0.030181884765625
494,0.030975341796875,0.047027587890625
495,0.054443359375,0.06939697265625
496,0.080718994140625,0.096160888671875
497,0.106689453125,0.1258544921875
498,0.130279541015625,0.15545654296875
499,0.14990234375,0.180999755859375
500,0.163848876953125,0.199005126953125
501,0.1702880859375,0.208221435546875
502,0.168365478515625,0.20916748046875
503,0.158447265625,0.20281982421875
504,0.141876220703125,0.189117431640625
505,0.120269775390625,0.16754150390625
506,0.095184326171875,0.13885498046875
507,0.068634033203125,0.106597900390625
508,0.04339599609375,0.075927734375
509,0.022796630859375,0.051361083984375
510,0.0093994140625,0.034820556640625
511,0.004425048828125,0.025909423828125
512,0.0076904296875,0.02398681640625
513,0.018310546875,0.02947998046875
514,0.03533935546875,0.043426513671875
515,0.057769775390625,0.06561279296875
516,0.08428955078125,0.093231201171875
517,0.112640380859375,0.122039794921875
518,0.139892578125,0.148345947265625
519,0.162811279296875,0.170440673828125
520,0.178558349609375,0.187835693359375
521,0.18536376953125,0.1995849609375
522,0.182830810546875,0.20330810546875
523,0.17181396484375,0.19659423828125
524,0.153717041015625,0.17901611328125
525,0.130096435546875,0.153533935546875
526,0.1026611328125,0.12506103515625
527,0.07366943359375,0.09814453125
528,0.046234130859375,0.0748291015625
529,0.023834228515625,0.054962158203125
530,0.0091552734375,0.038177490234375
531,0.00360107421875,0.0255126953125
532,0.00714111328125,0.019744873046875
533,0.01910400390625,0.023712158203125
534,0.0384521484375,0.038055419921875
535,0.06378173828125,0.060516357421875
536,0.0928955078125,0.086761474609375
537,0.123046875,0.112548828125
538,0.151458740234375,0.135284423828125
539,0.1759033203125,0.154327392578125
540,0.19415283203125,0.169647216796875
541,0.203948974609375,0.180389404296875
542,0.203155517578125,0.184478759765625
543,0.19122314453125,0.17987060546875
544,0.1697998046875,0.165985107421875
545,0.14251708984375,0.144805908203125
546,0.113006591796875,0.12005615234375
547,0.083770751953125,0.095367431640625
548,0.0562744140625,0.07293701171875
549,0.032440185546875,0.05340576171875
550,0.01513671875,0.03704833984375
551,0.007415771484375,0.02508544921875
552,0.010467529296875,0.019775390625
553,0.023040771484375,0.02325439453125
554,0.042724609375,0.035888671875
555,0.067718505859375,0.0556640625
556,0.097320556640625,0.07891845703125
557,0.13031005859375,0.102081298828125
558,0.163330078125,0.12298583984375
559,0.191314697265625,0.14093017578125
560,0.209747314453125,0.155426025390625
561,0.2166748046875,0.165283203125
562,0.2130126953125,0.168548583984375
563,0.20050048828125,0.163726806640625
564,0.180206298828125,0.15093994140625
565,0.152862548828125,0.132354736328125
566,0.120361328125,0.11090087890625
567,0.086700439453125,0.08905029296875
568,0.056610107421875,0.06817626953125
569,0.033447265625,0.04913330078125
570,0.018218994140625,0.033203125
571,0.0107421875,0.0225830078125
572,0.01123046875,0.01922607421875
573,0.02081298828125,0.023834228515625
574,0.040252685546875,0.035430908203125
575,0.068145751953125,0.0518798828125
576,0.100860595703125,0.07122802734375
577,0.134002685546875,0.091888427734375
578,0.1644287109375,0.112548828125
579,0.190338134765625,0.131439208984375
580,0.21026611328125,0.146453857421875
581,0.221954345703125,0.15570068359375
582,0.222625732421875,0.158355712890625
583,0.210723876953125,0.154449462890625
584,0.187469482421875,0.14453125
585,0.15667724609375,0.129302978515625
586,0.123260498046875,0.1097412109375
587,0.09100341796875,0.08758544921875
588,0.061981201171875,0.065185546875
589,0.03717041015625,0.04510498046875
590,0.018096923828125,0.029449462890625
591,0.0074462890625,0.019622802734375
592,0.008056640625,0.016448974609375
593,0.02117919921875,0.02020263671875
594,0.04522705078125,0.030487060546875
595,0.076202392578125,0.045989990234375
596,0.109771728515625,0.064453125
597,0.142913818359375,0.083465576171875
598,0.17413330078125,0.10107421875
599,0.201934814453125,0.116180419921875
600,0.223602294921875,0.12799072265625
601,0.235382080078125,0.13568115234375
602,0.23443603515625,0.13818359375
603,0.220794677734375,0.1346435546875
604,0.19732666015625,0.1251220703125
605,0.16790771484375,0.110809326171875
606,0.135528564453125,0.093536376953125
607,0.101806640625,0.075347900390625
608,0.06854248046875,0.05780029296875
609,0.0390625,0.0421142578125
610,0.017822265625,0.029449462890625
611,0.0084228515625,0.02093505859375
612,0.0118408203125,0.017822265625
613,0.02630615234375,0.020660400390625
614,0.049102783203125,0.029083251953125
615,0.0780029296875,0.04168701171875
616,0.111419677734375,0.05670166015625
617,0.14715576171875,0.07269287109375
618,0.181610107421875,0.088836669921875
619,0.210357666015625,0.104400634765625
620,0.229705810546875,0.11798095703125
621,0.238067626953125,0.127288818359375
622,0.235687255859375,0.130126953125
623,0.22357177734375,0.125640869140625
624,0.202789306640625,0.115020751953125
625,0.174468994140625,0.100830078125
626,0.140716552734375,0.085357666015625
627,0.1048583984375,0.06982421875
628,0.07098388671875,0.05450439453125
629,0.0428466796875,0.0399169921875
630,0.023040771484375,0.02740478515625
631,0.01300048828125,0.019012451171875
632,0.013397216796875,0.01617431640625
633,0.0244140625,0.01910400390625
634,0.045867919921875,0.026885986328125
635,0.076446533203125,0.037994384765625
636,0.11334228515625,0.051025390625
637,0.152252197265625,0.064788818359375
638,0.1883544921875,0.078338623046875
639,0.21746826171875,0.090789794921875
640,0.23712158203125,0.101226806640625
641,0.24639892578125,0.108734130859375
642,0.245269775390625,0.112274169921875
643,0.233856201171875,0.110931396484375
644,0.212493896484375,0.104400634765625
645,0.1824951171875,0.093353271484375
646,0.146759033203125,0.079315185546875
647,0.10943603515625,0.063995361328125
648,0.07464599609375,0.0489501953125
649,0.04571533203125,0.035308837890625
650,0.024871826171875,0.02435302734375
651,0.01385498046875,0.01739501953125
652,0.014312744140625,0.01519775390625
653,0.027099609375,0.017547607421875
654,0.051239013671875,0.0233154296875
655,0.08380126953125,0.03118896484375
656,0.12066650390625,0.040679931640625
657,0.157958984375,0.05157470703125
658,0.19281005859375,0.063262939453125
659,0.222869873046875,0.07421875
660,0.24560546875,0.08251953125
661,0.25811767578125,0.087188720703125
662,0.258087158203125,0.088775634765625
663,0.24505615234375,0.088348388671875
664,0.22064208984375,0.08612060546875
665,0.187896728515625,0.081024169921875
666,0.1502685546875,0.072021484375
667,0.11126708984375,0.05963134765625
668,0.074615478515625,0.04608154296875
669,0.044158935546875,0.03411865234375
670,0.023345947265625,0.02520751953125
671,0.01409912109375,0.019134521484375
672,0.0166015625,0.015411376953125
673,0.029754638671875,0.014404296875
674,0.052032470703125,0.01708984375
675,0.08203125,0.02374267578125
676,0.11785888671875,0.033111572265625
677,0.156585693359375,0.043182373046875
678,0.194000244140625,0.0526123046875
679,0.225677490234375,0.06146240234375
680,0.248046875,0.070037841796875
681,0.259124755859375,0.077362060546875
682,0.258514404296875,0.08123779296875
683,0.2467041015625,0.07977294921875
684,0.22467041015625,0.073272705078125
685,0.194122314453125,0.064239501953125
686,0.1575927734375,0.055389404296875
687,0.118682861328125,0.047760009765625
688,0.081573486328125,0.04046630859375
689,0.050323486328125,0.0325927734375
690,0.028045654296875,0.024688720703125
691,0.0167236328125,0.018463134765625
692,0.0172119140625,0.015228271484375
693,0.0294189453125,0.01458740234375
694,0.052520751953125,0.015289306640625
695,0.084503173828125,0.016754150390625
696,0.1221923828125,0.0198974609375
697,0.161407470703125,0.025909423828125
698,0.19781494140625,0.034637451171875
699,0.227874755859375,0.0438232421875
700,0.2493896484375,0.050750732421875
701,0.2611083984375,0.054168701171875
702,0.262176513671875,0.05462646484375
703,0.251861572265625,0.05352783203125
704,0.230224609375,0.051513671875
705,0.19879150390625,0.048126220703125
706,0.1610107421875,0.042938232421875
707,0.1214599609375,0.036407470703125
708,0.084564208984375,0.02972412109375
709,0.0538330078125,0.023834228515625
710,0.031585693359375,0.01885986328125
711,0.019561767578125,0.014801025390625
712,0.019073486328125,0.01220703125
713,0.0306396484375,0.0118408203125
714,0.053497314453125,0.013916015625
715,0.0853271484375,0.017120361328125
716,0.122711181640625,0.019744873046875
717,0.16192626953125,0.021240234375
718,0.199462890625,0.022796630859375
719,0.232086181640625,0.025970458984375
720,0.25665283203125,0.03057861328125
721,0.270355224609375,0.034454345703125
722,0.27117919921875,0.03533935546875
723,0.25872802734375,0.03326416015625
724,0.234283447265625,0.030853271484375
725,0.200836181640625,0.030731201171875
726,0.1622314453125,0.032867431640625
727,0.122528076171875,0.0341796875
728,0.085479736328125,0.031585693359375
729,0.05438232421875,0.024810791015625
730,0.03192138671875,0.016876220703125
731,0.02008056640625,0.011322021484375
732,0.0201416015625,0.00921630859375
733,0.0322265625,0.0087890625
734,0.05511474609375,0.0078125
735,0.086517333984375,0.00592041015625
736,0.123382568359375,0.0047607421875
737,0.16241455078125,0.005889892578125
738,0.20013427734375,0.0087890625
739,0.23297119140625,0.01153564453125
740,0.25732421875,0.012908935546875
741,0.270172119140625,0.01373291015625
742,0.269866943359375,0.015838623046875
743,0.256927490234375,0.019866943359375
744,0.23345947265625,0.02410888671875
745,0.2022705078125,0.02606201171875
746,0.16595458984375,0.02459716796875
747,0.12713623046875,0.021026611328125
748,0.088836669921875,0.01776123046875
749,0.0550537109375,0.01617431640625
750,0.029998779296875,0.015625
751,0.0169677734375,0.014404296875
752,0.0172119140625,0.011444091796875
753,0.030059814453125,0.006988525390625
754,0.053741455078125,0.00201416015625
755,0.085968017578125,-0.00262451171875
756,0.123931884765625,-0.006561279296875
757,0.164031982421875,-0.009552001953125
758,0.20196533203125,-0.0111083984375
759,0.233642578125,-0.010772705078125
760,0.256195068359375,-0.008636474609375
761,0.2681884765625,-0.005340576171875
762,0.269012451171875,-0.0015869140625
763,0.2584228515625,0.002349853515625
764,0.236602783203125,0.00653076171875
765,0.20501708984375,0.0107421875
766,0.16693115234375,0.014312744140625
767,0.12689208984375,0.01654052734375
768,0.089385986328125,0.01715087890625
769,0.05780029296875,0.016571044921875
770,0.03436279296875,0.015289306640625
771,0.020843505859375,0.013427734375
772,0.01873779296875,0.010498046875
773,0.029052734375,0.006103515625
774,0.051300048828125,0.000457763671875
775,0.08319091796875,-0.005462646484375
776,0.121124267578125,-0.0106201171875
777,0.1610107421875,-0.014434814453125
778,0.1990966796875,-0.017120361328125
779,0.23187255859375,-0.019195556640625
780,0.2562255859375,-0.020721435546875
781,0.2696533203125,-0.0211181640625
782,0.270599365234375,-0.019439697265625
783,0.259033203125,-0.015167236328125
784,0.2362060546875,-0.0089111328125
785,0.204376220703125,-0.00213623046875
786,0.166656494140625,0.0035400390625
787,0.126861572265625,0.00738525390625
788,0.089263916015625,0.009765625
789,0.057830810546875,0.011505126953125
790,0.035369873046875,0.01287841796875
791,0.02325439453125,0.01318359375
792,0.02178955078125,0.01116943359375
793,0.031158447265625,0.006195068359375
794,0.051422119140625,-0.00115966796875
795,0.08172607421875,-0.0096435546875
796,0.119384765625,-0.018096923828125
797,0.159759521484375,-0.026123046875
798,0.197479248046875,-0.03363037109375
799,0.228363037109375,-0.03997802734375
800,0.250213623046875,-0.043670654296875
801,0.26239013671875,-0.043365478515625
802,0.264495849609375,-0.038787841796875
803,0.255706787109375,-0.03125
804,0.235382080078125,-0.0228271484375
805,0.204559326171875,-0.014984130859375
806,0.166656494140625,-0.008056640625
807,0.126861572265625,-0.0015869140625
808,0.09014892578125,0.004547119140625
809,0.059967041015625,0.00970458984375
810,0.037933349609375,0.012664794921875
811,0.02496337890625,0.01251220703125
812,0.022247314453125,0.00897216796875
813,0.031158447265625,0.002410888671875
814,0.05194091796875,-0.006439208984375
815,0.08270263671875,-0.016754150390625
816,0.11956787109375,-0.0274658203125
817,0.1578369140625,-0.037322998046875
818,0.193572998046875,-0.04534912109375
819,0.224151611328125,-0.050933837890625
820,0.247528076171875,-0.05389404296875
821,0.261566162109375,-0.054229736328125
822,0.26397705078125,-0.05181884765625
823,0.25341796875,-0.04656982421875
824,0.230499267578125,-0.038818359375
825,0.198333740234375,-0.0294189453125
826,0.161407470703125,-0.019561767578125
827,0.1241455078125,-0.0103759765625
828,0.089813232421875,-0.00250244140625
829,0.06036376953125,0.003631591796875
830,0.037384033203125,0.007537841796875
831,0.022613525390625,0.008453369140625
832,0.01837158203125,0.00567626953125
833,0.026519775390625,-0.00091552734375
834,0.04736328125,-0.010772705078125
835,0.078765869140625,-0.02276611328125
836,0.11639404296875,-0.03558349609375
837,0.155303955078125,-0.0482177734375
838,0.191253662109375,-0.05975341796875
839,0.2216796875,-0.069366455078125
840,0.244903564453125,-0.076019287109375
841,0.25909423828125,-0.0787353515625
842,0.261993408203125,-0.076873779296875
843,0.251861572265625,-0.070343017578125
844,0.22918701171875,-0.0599365234375
845,0.197235107421875,-0.04705810546875
846,0.16094970703125,-0.033447265625
847,0.124755859375,-0.020751953125
848,0.09130859375,-0.010009765625
849,0.06207275390625,-0.001739501953125
850,0.03887939453125,0.003692626953125
851,0.024505615234375,0.005767822265625
852,0.021728515625,0.003509521484375
853,0.0316162109375,-0.0037841796875
854,0.0523681640625,-0.01580810546875
855,0.080718994140625,-0.030792236328125
856,0.113433837890625,-0.04620361328125
857,0.1483154296875,-0.060028076171875
858,0.18341064453125,-0.071624755859375
859,0.215484619140625,-0.08135986328125
860,0.240020751953125,-0.089263916015625
861,0.25286865234375,-0.09423828125
862,0.252227783203125,-0.094390869140625
863,0.23944091796875,-0.08837890625
864,0.217620849609375,-0.076812744140625
865,0.189910888671875,-0.061859130859375
866,0.158416748046875,-0.046173095703125
867,0.124725341796875,-0.031463623046875
868,0.091094970703125,-0.01849365234375
869,0.06072998046875,-0.0078125
870,0.037139892578125,-0.000457763671875
871,0.02325439453125,0.00225830078125
872,0.020660400390625,-0.000274658203125
873,0.02960205078125,-0.0076904296875
874,0.049041748046875,-0.018890380859375
875,0.076873779296875,-0.0330810546875
876,0.11016845703125,-0.04986572265625
877,0.145538330078125,-0.0684814453125
878,0.179718017578125,-0.087127685546875
879,0.209503173828125,-0.10296630859375
880,0.231903076171875,-0.11322021484375
881,0.244354248046875,-0.116546630859375
882,0.245330810546875,-0.11328125
883,0.235137939453125,-0.104644775390625
884,0.21575927734375,-0.092010498046875
885,0.189849853515625,-0.076324462890625
886,0.1595458984375,-0.058563232421875
887,0.126373291015625,-0.040191650390625
888,0.0921630859375,-0.02301025390625
889,0.06024169921875,-0.008941650390625
890,0.035247802734375,0.000457763671875
891,0.021209716796875,0.004241943359375
892,0.01971435546875,0.001953125
893,0.0296630859375,-0.00628662109375
894,0.0484619140625,-0.019805908203125
895,0.073883056640625,-0.037506103515625
896,0.1046142578125,-0.05780029296875
897,0.138885498046875,-0.078704833984375
898,0.1734619140625,-0.09783935546875
899,0.203704833984375,-0.112884521484375
900,0.225372314453125,-0.122406005859375
901,0.236236572265625,-0.12628173828125
902,0.23638916015625,-0.12542724609375
903,0.22705078125,-0.12060546875
904,0.20928955078125,-0.11126708984375
905,0.18414306640625,-0.09625244140625
906,0.15325927734375,-0.07550048828125
907,0.119659423828125,-0.051666259765625
908,0.087249755859375,-0.0294189453125
909,0.0594482421875,-0.0130615234375
910,0.038482666015625,-0.004119873046875
911,0.0257568359375,-0.001495361328125
912,0.0223388671875,-0.003631591796875
913,0.029022216796875,-0.010650634765625
914,0.045745849609375,-0.02392578125
915,0.070831298828125,-0.04388427734375
916,0.101165771484375,-0.068115234375
917,0.1331787109375,-0.09210205078125
918,0.163909912109375,-0.112030029296875
919,0.1910400390625,-0.126739501953125
920,0.212493896484375,-0.13702392578125
921,0.22601318359375,-0.1434326171875
922,0.2296142578125,-0.14453125
923,0.2225341796875,-0.13800048828125
924,0.2056884765625,-0.123077392578125
925,0.181182861328125,-0.101959228515625
926,0.15167236328125,-0.078582763671875
927,0.11993408203125,-0.056121826171875
928,0.08868408203125,-0.035919189453125
929,0.060821533203125,-0.018310546875
930,0.039093017578125,-0.004547119140625
931,0.02569580078125,0.002777099609375
932,0.0218505859375,0.00128173828125
933,0.02783203125,-0.0093994140625
934,0.043212890625,-0.0274658203125
935,0.066650390625,-0.049896240234375
936,0.095794677734375,-0.074310302734375
937,0.12725830078125,-0.099365234375
938,0.1573486328125,-0.12359619140625
939,0.182891845703125,-0.144622802734375
940,0.20166015625,-0.159423828125
941,0.212432861328125,-0.165740966796875
942,0.214508056640625,-0.1629638671875
943,0.207763671875,-0.152191162109375
944,0.19268798828125,-0.135101318359375
945,0.170623779296875,-0.113311767578125
946,0.14373779296875,-0.0885009765625
947,0.11431884765625,-0.062896728515625
948,0.084716796875,-0.03912353515625
949,0.05755615234375,-0.019744873046875
950,0.035797119140625,-0.006561279296875
951,0.02239990234375,-0.00048828125
952,0.019317626953125,-0.0020751953125
953,0.0267333984375,-0.011627197265625
954,0.04302978515625,-0.02886962890625
955,0.065704345703125,-0.05230712890625
956,0.092315673828125,-0.0791015625
957,0.120758056640625,-0.105987548828125
958,0.14886474609375,-0.130279541015625
959,0.174041748046875,-0.15045166015625
960,0.19366455078125,-0.165496826171875
961,0.20550537109375,-0.174072265625
962,0.208343505859375,-0.174591064453125
963,0.201873779296875,-0.16595458984375
964,0.18670654296875,-0.148651123046875
965,0.1641845703125,-0.12518310546875
966,0.136688232421875,-0.098785400390625
967,0.10736083984375,-0.072296142578125
968,0.079376220703125,-0.04766845703125
969,0.05523681640625,-0.02642822265625
970,0.03662109375,-0.010650634765625
971,0.02484130859375,-0.002716064453125
972,0.02117919921875,-0.00433349609375
973,0.02667236328125,-0.015380859375
974,0.041259765625,-0.03387451171875
975,0.063140869140625,-0.057159423828125
976,0.089202880859375,-0.082855224609375
977,0.1162109375,-0.109283447265625
978,0.141845703125,-0.1348876953125
979,0.164764404296875,-0.157501220703125
980,0.18353271484375,-0.174652099609375
981,0.196136474609375,-0.18414306640625
982,0.200103759765625,-0.184814453125
983,0.1939697265625,-0.176300048828125
984,0.17822265625,-0.159149169921875
985,0.1553955078125,-0.134796142578125
986,0.129119873046875,-0.10595703125
987,0.1025390625,-0.076385498046875
988,0.07757568359375,-0.0498046875
989,0.055389404296875,-0.028778076171875
990,0.037078857421875,-0.01434326171875
991,0.024505615234375,-0.006927490234375
992,0.019775390625,-0.007476806640625
993,0.02423095703125,-0.01715087890625
994,0.037322998046875,-0.03631591796875
995,0.056549072265625,-0.06317138671875
996,0.078826904296875,-0.094085693359375
997,0.101715087890625,-0.125091552734375
998,0.124298095703125,-0.15325927734375
999,0.14599609375,-0.17669677734375
1000,0.1654052734375,-0.193756103515625
1001,0.179473876953125,-0.202423095703125
1002,0.184844970703125,-0.201141357421875
1003,0.1796875,-0.189849853515625
1004,0.1650390625,-0.1702880859375
1005,0.1441650390625,-0.1451416015625
1006,0.120635986328125,-0.116668701171875
1007,0.09674072265625,-0.086639404296875
1008,0.073516845703125,-0.05712890625
1009,0.05194091796875,-0.0313720703125
1010,0.033905029296875,-0.012939453125
1011,0.02197265625,-0.0045166015625
1012,0.0181884765625,-0.0067138671875
1013,0.023040771484375,-0.01861572265625
1014,0.035369873046875,-0.03875732421875
1015,0.05303955078125,-0.065704345703125
1016,0.07366943359375,-0.0975341796875
1017,0.095184326171875,-0.1309814453125
1018,0.115875244140625,-0.16204833984375
1019,0.13433837890625,-0.1871337890625
1020,0.1492919921875,-0.20428466796875
1021,0.15936279296875,-0.212890625
1022,0.163055419921875,-0.212677001953125
1023,0.159149169921875,-0.203094482421875
1024,0.1475830078125,-0.184112548828125
1025,0.13018798828125,-0.157196044921875
1026,0.109893798828125,-0.12554931640625
1027,0.089508056640625,-0.09307861328125
1028,0.070404052734375,-0.06304931640625
1029,0.052764892578125,-0.037567138671875
1030,0.03692626953125,-0.018310546875
1031,0.024566650390625,-0.00732421875
1032,0.0184326171875,-0.00665283203125
1033,0.02069091796875,-0.0172119140625
1034,0.031402587890625,-0.0379638671875
1035,0.048492431640625,-0.066162109375
1036,0.06903076171875,-0.098358154296875
1037,0.09039306640625,-0.13140869140625
1038,0.11065673828125,-0.16265869140625
1039,0.128143310546875,-0.189697265625
1040,0.14129638671875,-0.2100830078125
1041,0.148834228515625,-0.221588134765625
1042,0.150390625,-0.2225341796875
1043,0.1463623046875,-0.21240234375
1044,0.137237548828125,-0.19207763671875
1045,0.1234130859375,-0.16400146484375
1046,0.10546875,-0.13177490234375
1047,0.085052490234375,-0.099090576171875
1048,0.064697265625,-0.06890869140625
1049,0.047027587890625,-0.043121337890625
1050,0.033538818359375,-0.02325439453125
1051,0.024658203125,-0.011383056640625
1052,0.020599365234375,-0.00982666015625
1053,0.022003173828125,-0.0201416015625
1054,0.029571533203125,-0.041595458984375
1055,0.042999267578125,-0.071136474609375
1056,0.060302734375,-0.104736328125
1057,0.078704833984375,-0.139007568359375
1058,0.095977783203125,-0.171539306640625
1059,0.111175537109375,-0.20001220703125
1060,0.123809814453125,-0.2215576171875
1061,0.1326904296875,-0.233154296875
1062,0.135955810546875,-0.233062744140625
1063,0.132171630859375,-0.221588134765625
1064,0.12188720703125,-0.200592041015625
1065,0.1075439453125,-0.172271728515625
1066,0.091827392578125,-0.138824462890625
1067,0.076171875,-0.10296630859375
1068,0.06060791015625,-0.0687255859375
1069,0.045074462890625,-0.040618896484375
1070,0.03076171875,-0.02197265625
1071,0.02008056640625,-0.01373291015625
1072,0.01544189453125,-0.015106201171875
1073,0.017730712890625,-0.025299072265625
1074,0.026031494140625,-0.0445556640625
1075,0.03851318359375,-0.073028564453125
1076,0.05340576171875,-0.108642578125
1077,0.06927490234375,-0.1466064453125
1078,0.084930419921875,-0.18109130859375
1079,0.09918212890625,-0.208160400390625
1080,0.11083984375,-0.226837158203125
1081,0.118927001953125,-0.2376708984375
1082,0.122711181640625,-0.240325927734375
1083,0.121551513671875,-0.232818603515625
1084,0.115234375,-0.213287353515625
1085,0.104034423828125,-0.182647705078125
1086,0.08917236328125,-0.145294189453125
1087,0.072601318359375,-0.107269287109375
1088,0.05645751953125,-0.073333740234375
1089,0.04241943359375,-0.0457763671875
1090,0.031463623046875,-0.025360107421875
1091,0.024017333984375,-0.01336669921875
1092,0.020111083984375,-0.01190185546875
1093,0.0198974609375,-0.022735595703125
1094,0.023529052734375,-0.045257568359375
1095,0.031219482421875,-0.076263427734375
1096,0.042755126953125,-0.111328125
1097,0.057220458984375,-0.1468505859375
1098,0.07281494140625,-0.18048095703125
1099,0.087249755859375,-0.210357666015625
1100,0.098480224609375,-0.23388671875
1101,0.105316162109375,-0.247711181640625
1102,0.107666015625,-0.2490234375
1103,0.105804443359375,-0.2373046875
1104,0.10003662109375,-0.2144775390625
1105,0.090423583984375,-0.18402099609375
1106,0.077484130859375,-0.14947509765625
1107,0.062469482421875,-0.1138916015625
1108,0.04742431640625,-0.07989501953125
1109,0.034332275390625,-0.050445556640625
1110,0.0244140625,-0.028533935546875
1111,0.01800537109375,-0.016571044921875
1112,0.014892578125,-0.015655517578125
1113,0.014892578125,-0.025787353515625
1114,0.018096923828125,-0.0462646484375
1115,0.0245361328125,-0.075927734375
1116,0.033935546875,-0.112548828125
1117,0.045562744140625,-0.15234375
1118,0.058074951171875,-0.190338134765625
1119,0.0697021484375,-0.221527099609375
1120,0.078704833984375,-0.24267578125
1121,0.08392333984375,-0.252777099609375
1122,0.08526611328125,-0.252288818359375
1123,0.0833740234375,-0.241912841796875
1124,0.079193115234375,-0.222137451171875
1125,0.0731201171875,-0.193756103515625
1126,0.065155029296875,-0.1588134765625
1127,0.055419921875,-0.120758056640625
1128,0.044769287109375,-0.08392333984375
1129,0.034698486328125,-0.052276611328125
1130,0.0264892578125,-0.028961181640625
1131,0.02056884765625,-0.016082763671875
1132,0.016632080078125,-0.014923095703125
1133,0.014617919921875,-0.025909423828125
1134,0.015045166015625,-0.048248291015625
1135,0.018585205078125,-0.07977294921875
1136,0.025238037109375,-0.117218017578125
1137,0.0338134765625,-0.156707763671875
1138,0.042755126953125,-0.19415283203125
1139,0.050933837890625,-0.22576904296875
1140,0.0579833984375,-0.2484130859375
1141,0.063720703125,-0.260101318359375
1142,0.067230224609375,-0.260101318359375
1143,0.067413330078125,-0.248748779296875
1144,0.06396484375,-0.227203369140625
1145,0.058074951171875,-0.197113037109375
1146,0.051727294921875,-0.160919189453125
1147,0.045989990234375,-0.121917724609375
1148,0.040313720703125,-0.08416748046875
1149,0.03350830078125,-0.051910400390625
1150,0.025421142578125,-0.028564453125
1151,0.017852783203125,-0.01641845703125
1152,0.01324462890625,-0.016510009765625
1153,0.01263427734375,-0.02862548828125
1154,0.01483154296875,-0.051422119140625
1155,0.017730712890625,-0.0823974609375
1156,0.020263671875,-0.118316650390625
1157,0.0230712890625,-0.15576171875
1158,0.02740478515625,-0.191558837890625
1159,0.03326416015625,-0.222930908203125
1160,0.039031982421875,-0.24725341796875
1161,0.0428466796875,-0.26202392578125
1162,0.04425048828125,-0.2652587890625
1163,0.04425048828125,-0.256256103515625
1164,0.044036865234375,-0.235626220703125
1165,0.043548583984375,-0.2054443359375
1166,0.041534423828125,-0.16851806640625
1167,0.037139892578125,-0.128326416015625
1168,0.0308837890625,-0.088958740234375
1169,0.024505615234375,-0.05487060546875
1170,0.01953125,-0.030059814453125
1171,0.016143798828125,-0.017120361328125
1172,0.013641357421875,-0.0167236328125
1173,0.011474609375,-0.027923583984375
1174,0.009979248046875,-0.04913330078125
1175,0.009857177734375,-0.07879638671875
1176,0.0115966796875,-0.115142822265625
1177,0.0150146484375,-0.1553955078125
1178,0.019561767578125,-0.19525146484375
1179,0.024810791015625,-0.229736328125
1180,0.030181884765625,-0.254486083984375
1181,0.03466796875,-0.266998291015625
1182,0.03704833984375,-0.26708984375
1183,0.036865234375,-0.255859375
1184,0.034912109375,-0.23492431640625
1185,0.032684326171875,-0.205810546875
1186,0.031158447265625,-0.17022705078125
1187,0.02996826171875,-0.130950927734375
1188,0.02764892578125,-0.091949462890625
1189,0.023468017578125,-0.057891845703125
1190,0.018096923828125,-0.0328369140625
1191,0.01318359375,-0.019439697265625
1192,0.009857177734375,-0.018310546875
1193,0.007843017578125,-0.028839111328125
1194,0.00604248046875,-0.04962158203125
1195,0.00384521484375,-0.07891845703125
1196,0.00189208984375,-0.114532470703125
1197,0.00146484375,-0.153472900390625
1198,0.00335693359375,-0.192108154296875
1199,0.00714111328125,-0.226409912109375
1200,0.011474609375,-0.252593994140625
1201,0.0152587890625,-0.267669677734375
1202,0.01788330078125,-0.26983642578125
1203,0.019439697265625,-0.2589111328125
1204,0.020294189453125,-0.236358642578125
1205,0.020965576171875,-0.205078125
1206,0.021820068359375,-0.168487548828125
1207,0.02288818359375,-0.129913330078125
1208,0.023345947265625,-0.0924072265625
1209,0.02197265625,-0.0592041015625
1210,0.01806640625,-0.0338134765625
1211,0.012298583984375,-0.019500732421875
1212,0.00653076171875,-0.01812744140625
1213,0.002471923828125,-0.029449462890625
1214,0.000335693359375,-0.051513671875
1215,-0.00128173828125,-0.081573486328125
1216,-0.0040283203125,-0.117218017578125
1217,-0.008026123046875,-0.1558837890625
1218,-0.011688232421875,-0.194427490234375
1219,-0.012969970703125,-0.22869873046875
1220,-0.011077880859375,-0.254425048828125
1221,-0.007110595703125,-0.2685546875
1222,-0.0029296875,-0.27001953125
1223,0.00018310546875,-0.2593994140625
1224,0.002410888671875,-0.238128662109375
1225,0.004486083984375,-0.20794677734375
1226,0.006927490234375,-0.171417236328125
1227,0.009429931640625,-0.13201904296875
1228,0.01129150390625,-0.093963623046875
1229,0.011932373046875,-0.061187744140625
1230,0.01129150390625,-0.036651611328125
1231,0.009735107421875,-0.02227783203125
1232,0.007568359375,-0.019378662109375
1233,0.00469970703125,-0.02850341796875
1234,0.0008544921875,-0.049224853515625
1235,-0.004425048828125,-0.0794677734375
1236,-0.011138916015625,-0.11590576171875
1237,-0.01837158203125,-0.154632568359375
1238,-0.024322509765625,-0.19207763671875
1239,-0.027252197265625,-0.224822998046875
1240,-0.0264892578125,-0.2496337890625
1241,-0.02301025390625,-0.263824462890625
1242,-0.018829345703125,-0.265777587890625
1243,-0.015289306640625,-0.2557373046875
1244,-0.012237548828125,-0.2353515625
1245,-0.00848388671875,-0.206817626953125
1246,-0.003204345703125,-0.172210693359375
1247,0.0029296875,-0.13397216796875
1248,0.00823974609375,-0.09552001953125
1249,0.01129150390625,-0.061279296875
1250,0.011810302734375,-0.03570556640625
1251,0.010406494140625,-0.0216064453125
1252,0.00732421875,-0.019622802734375
1253,0.002105712890625,-0.02899169921875
1254,-0.00567626953125,-0.04864501953125
1255,-0.0155029296875,-0.077301025390625
1256,-0.025543212890625,-0.11297607421875
1257,-0.033843994140625,-0.15228271484375
1258,-0.0394287109375,-0.19073486328125
1259,-0.04254150390625,-0.22393798828125
1260,-0.04364013671875,-0.248565673828125
1261,-0.042724609375,-0.26263427734375
1262,-0.039398193359375,-0.265106201171875
1263,-0.03387451171875,-0.255706787109375
1264,-0.02703857421875,-0.2352294921875
1265,-0.02008056640625,-0.20574951171875
1266,-0.01336669921875,-0.170440673828125
1267,-0.00653076171875,-0.13275146484375
1268,0.0006103515625,-0.09600830078125
1269,0.007171630859375,-0.063323974609375
1270,0.011322021484375,-0.037872314453125
1271,0.011627197265625,-0.0225830078125
1272,0.008056640625,-0.019378662109375
1273,0.001739501953125,-0.028533935546875
1274,-0.006103515625,-0.04888916015625
1275,-0.015045166015625,-0.078277587890625
1276,-0.024932861328125,-0.113922119140625
1277,-0.035125732421875,-0.15228271484375
1278,-0.044464111328125,-0.189117431640625
1279,-0.0518798828125,-0.220306396484375
1280,-0.05706787109375,-0.242950439453125
1281,-0.06011962890625,-0.255859375
1282,-0.060821533203125,-0.259002685546875
1283,-0.05804443359375,-0.25213623046875
1284,-0.05096435546875,-0.234619140625
1285,-0.0401611328125,-0.20660400390625
1286,-0.0279541015625,-0.17047119140625
1287,-0.016998291015625,-0.13116455078125
1288,-0.008453369140625,-0.09423828125
1289,-0.001953125,-0.063720703125
1290,0.00323486328125,-0.041229248046875
1291,0.00653076171875,-0.027252197265625
1292,0.006072998046875,-0.0228271484375
1293,0.000640869140625,-0.02978515625
1294,-0.009063720703125,-0.048980712890625
1295,-0.020782470703125,-0.07867431640625
1296,-0.032257080078125,-0.114532470703125
1297,-0.04290771484375,-0.151458740234375
1298,-0.05316162109375,-0.185699462890625
1299,-0.062957763671875,-0.215362548828125
1300,-0.070648193359375,-0.238983154296875
1301,-0.0740966796875,-0.25433349609375
1302,-0.072509765625,-0.25860595703125
1303,-0.06707763671875,-0.25
1304,-0.059661865234375,-0.2291259765625
1305,-0.0511474609375,-0.199188232421875
1306,-0.040740966796875,-0.1644287109375
1307,-0.0277099609375,-0.128662109375
1308,-0.013275146484375,-0.0947265625
1309,-0.00079345703125,-0.064697265625
1310,0.006134033203125,-0.040679931640625
1311,0.006256103515625,-0.024810791015625
1312,0.00103759765625,-0.0191650390625
1313,-0.006866455078125,-0.02508544921875
1314,-0.01593017578125,-0.042755126953125
1315,-0.0264892578125,-0.07073974609375
1316,-0.039520263671875,-0.105926513671875
1317,-0.054779052734375,-0.14404296875
1318,-0.070220947265625,-0.180511474609375
1319,-0.083038330078125,-0.211578369140625
1320,-0.091400146484375,-0.234771728515625
1321,-0.0950927734375,-0.24859619140625
1322,-0.0947265625,-0.2520751953125
1323,-0.09063720703125,-0.244537353515625
1324,-0.082550048828125,-0.226104736328125
1325,-0.0703125,-0.198333740234375
1326,-0.0546875,-0.164306640625
1327,-0.037506103515625,-0.1279296875
1328,-0.021148681640625,-0.093048095703125
1329,-0.00775146484375,-0.062896728515625
1330,0.001220703125,-0.039947509765625
1331,0.00482177734375,-0.02606201171875
1332,0.002532958984375,-0.022552490234375
1333,-0.00537109375,-0.02978515625
1334,-0.017822265625,-0.047088623046875
1335,-0.033050537109375,-0.07275390625
1336,-0.04937744140625,-0.104400634765625
1337,-0.065582275390625,-0.13922119140625
1338,-0.080902099609375,-0.173980712890625
1339,-0.094207763671875,-0.205047607421875
1340,-0.10406494140625,-0.22882080078125
1341,-0.109039306640625,-0.24249267578125
1342,-0.108612060546875,-0.24462890625
1343,-0.1033935546875,-0.2357177734375
1344,-0.094268798828125,-0.217559814453125
1345,-0.08172607421875,-0.1925048828125
1346,-0.06585693359375,-0.162628173828125
1347,-0.047515869140625,-0.12982177734375
1348,-0.028961181640625,-0.096343994140625
1349,-0.013458251953125,-0.065399169921875
1350,-0.003448486328125,-0.040802001953125
1351,0.00030517578125,-0.025970458984375
1352,-0.00128173828125,-0.022491455078125
1353,-0.00750732421875,-0.02978515625
1354,-0.018402099609375,-0.045989990234375
1355,-0.03424072265625,-0.069305419921875
1356,-0.054046630859375,-0.0985107421875
1357,-0.0750732421875,-0.13226318359375
1358,-0.094024658203125,-0.167694091796875
1359,-0.10882568359375,-0.2001953125
1360,-0.11907958984375,-0.224609375
1361,-0.124847412109375,-0.23736572265625
1362,-0.125396728515625,-0.23785400390625
1363,-0.119415283203125,-0.227874755859375
1364,-0.10662841796875,-0.209930419921875
1365,-0.089019775390625,-0.1859130859375
1366,-0.069793701171875,-0.157196044921875
1367,-0.05133056640625,-0.125396728515625
1368,-0.034149169921875,-0.093231201171875
1369,-0.018157958984375,-0.06402587890625
1370,-0.00469970703125,-0.04107666015625
1371,0.0029296875,-0.02667236328125
1372,0.001739501953125,-0.022216796875
1373,-0.00848388671875,-0.028167724609375
1374,-0.02471923828125,-0.0439453125
1375,-0.043182373046875,-0.0677490234375
1376,-0.061981201171875,-0.0968017578125
1377,-0.081451416015625,-0.12811279296875
1378,-0.101837158203125,-0.158966064453125
1379,-0.121063232421875,-0.187042236328125
1380,-0.13519287109375,-0.209808349609375
1381,-0.141082763671875,-0.224456787109375
1382,-0.138458251953125,-0.228759765625
1383,-0.129364013671875,-0.2220458984375
1384,-0.115753173828125,-0.205657958984375
1385,-0.098236083984375,-0.18212890625
1386,-0.07696533203125,-0.153900146484375
1387,-0.0537109375,-0.12298583984375
1388,-0.032135009765625,-0.0914306640625
1389,-0.01580810546875,-0.062347412109375
1390,-0.006072998046875,-0.03924560546875
1391,-0.001953125,-0.025177001953125
1392,-0.002410888671875,-0.021240234375
1393,-0.00823974609375,-0.02703857421875
1394,-0.02142333984375,-0.041595458984375
1395,-0.042572021484375,-0.06396484375
1396,-0.06890869140625,-0.09283447265625
1397,-0.09552001953125,-0.12530517578125
1398,-0.118011474609375,-0.157073974609375
1399,-0.134674072265625,-0.183868408203125
1400,-0.1458740234375,-0.20330810546875
1401,-0.151947021484375,-0.215087890625
1402,-0.152099609375,-0.219482421875
1403,-0.14508056640625,-0.215667724609375
1404,-0.130859375,-0.20196533203125
1405,-0.11114501953125,-0.177886962890625
1406,-0.088409423828125,-0.146270751953125
1407,-0.064727783203125,-0.11279296875
1408,-0.04168701171875,-0.08319091796875
1409,-0.02142333984375,-0.060302734375
1410,-0.00665283203125,-0.043701171875
1411,0.0,-0.032012939453125
1412,-0.002349853515625,-0.025665283203125
1413,-0.0125732421875,-0.02728271484375
1414,-0.028594970703125,-0.03948974609375
1415,-0.0489501953125,-0.0621337890625
1416,-0.072845458984375,-0.09136962890625
1417,-0.099090576171875,-0.121673583984375
1418,-0.125091552734375,-0.14898681640625
1419,-0.1473388671875,-0.1717529296875
1420,-0.1627197265625,-0.190032958984375
1421,-0.16998291015625,-0.203338623046875
1422,-0.169281005859375,-0.209381103515625
1423,-0.16119384765625,-0.2054443359375
1424,-0.1461181640625,-0.1904296875
1425,-0.124725341796875,-0.166229248046875
1426,-0.098968505859375,-0.1370849609375
1427,-0.07220458984375,-0.1075439453125
1428,-0.047943115234375,-0.08074951171875
1429,-0.0284423828125,-0.05816650390625
1430,-0.01434326171875,-0.04052734375
1431,-0.00592041015625,-0.0286865234375
1432,-0.004180908203125,-0.02398681640625
1433,-0.0108642578125,-0.027496337890625
1434,-0.02691650390625,-0.039337158203125
1435,-0.051177978515625,-0.058441162109375
1436,-0.080169677734375,-0.08270263671875
1437,-0.109649658203125,-0.109527587890625
1438,-0.136322021484375,-0.136016845703125
1439,-0.158416748046875,-0.159515380859375
1440,-0.1749267578125,-0.1778564453125
1441,-0.184478759765625,-0.189605712890625
1442,-0.185211181640625,-0.19403076171875
1443,-0.17578125,-0.190704345703125
1444,-0.15692138671875,-0.1793212890625
1445,-0.131591796875,-0.16009521484375
1446,-0.103912353515625,-0.13458251953125
1447,-0.07720947265625,-0.1058349609375
1448,-0.05328369140625,-0.07794189453125
1449,-0.032745361328125,-0.054412841796875
1450,-0.01641845703125,-0.03704833984375
1451,-0.006439208984375,-0.026123046875
1452,-0.005340576171875,-0.021453857421875
1453,-0.014495849609375,-0.023468017578125
1454,-0.032928466796875,-0.033233642578125
1455,-0.0574951171875,-0.051177978515625
1456,-0.084716796875,-0.075775146484375
1457,-0.1123046875,-0.103424072265625
1458,-0.139129638671875,-0.1297607421875
1459,-0.16412353515625,-0.151397705078125
1460,-0.184967041015625,-0.1668701171875
1461,-0.1981201171875,-0.176177978515625
1462,-0.2005615234375,-0.17974853515625
1463,-0.19140625,-0.177276611328125
1464,-0.172454833984375,-0.167877197265625
1465,-0.1470947265625,-0.151092529296875
1466,-0.11871337890625,-0.127899169921875
1467,-0.089630126953125,-0.101104736328125
1468,-0.061676025390625,-0.074615478515625
1469,-0.03680419921875,-0.051971435546875
1470,-0.017669677734375,-0.03521728515625
1471,-0.00689697265625,-0.0247802734375
1472,-0.006072998046875,-0.0205078125
1473,-0.0152587890625,-0.02252197265625
1474,-0.03326416015625,-0.03131103515625
1475,-0.0582275390625,-0.046875
1476,-0.088226318359375,-0.06781005859375
1477,-0.120880126953125,-0.091217041015625
1478,-0.15325927734375,-0.113983154296875
1479,-0.181610107421875,-0.134002685546875
1480,-0.2021484375,-0.15032958984375
1481,-0.212188720703125,-0.162261962890625
1482,-0.210968017578125,-0.1683349609375
1483,-0.19976806640625,-0.166778564453125
1484,-0.180938720703125,-0.156768798828125
1485,-0.156646728515625,-0.139556884765625
1486,-0.12860107421875,-0.118194580078125
1487,-0.098175048828125,-0.095794677734375
1488,-0.067657470703125,-0.07427978515625
1489,-0.040374755859375,-0.05450439453125
1490,-0.02020263671875,-0.037353515625
1491,-0.00982666015625,-0.024871826171875
1492,-0.009979248046875,-0.01947021484375
1493,-0.019500732421875,-0.022491455078125
1494,-0.0367431640625,-0.033050537109375
1495,-0.060638427734375,-0.04864501953125
1496,-0.090118408203125,-0.066558837890625
1497,-0.123321533203125,-0.08514404296875
1498,-0.156646728515625,-0.103668212890625
1499,-0.185760498046875,-0.121337890625
1500,-0.207000732421875,-0.1365966796875
1501,-0.218414306640625,-0.14752197265625
1502,-0.2196044921875,-0.152435302734375
1503,-0.210723876953125,-0.150604248046875
1504,-0.1922607421875,-0.1419677734375
1505,-0.165863037109375,-0.127166748046875
1506,-0.134552001953125,-0.10760498046875
1507,-0.102447509765625,-0.085662841796875
1508,-0.0728759765625,-0.064361572265625
1509,-0.047698974609375,-0.046356201171875
1510,-0.027740478515625,-0.03289794921875
1511,-0.014556884765625,-0.023834228515625
1512,-0.010894775390625,-0.018829345703125
1513,-0.019195556640625,-0.018402099609375
1514,-0.039306640625,-0.0240478515625
1515,-0.067840576171875,-0.036529541015625
1516,-0.0999755859375,-0.05462646484375
1517,-0.132293701171875,-0.074859619140625
1518,-0.16357421875,-0.09356689453125
1519,-0.19305419921875,-0.108642578125
1520,-0.218017578125,-0.1202392578125
1521,-0.23382568359375,-0.12921142578125
1522,-0.236358642578125,-0.135284423828125
1523,-0.224945068359375,-0.136505126953125
1524,-0.202880859375,-0.130828857421875
1525,-0.1748046875,-0.11810302734375
1526,-0.1439208984375,-0.10064697265625
1527,-0.111480712890625,-0.081939697265625
1528,-0.078765869140625,-0.06451416015625
1529,-0.0487060546875,-0.049102783203125
1530,-0.025634765625,-0.03570556640625
1531,-0.013031005859375,-0.025054931640625
1532,-0.01190185546875,-0.018890380859375
1533,-0.02105712890625,-0.0189208984375
1534,-0.03912353515625,-0.025177001953125
1535,-0.06536865234375,-0.035858154296875
1536,-0.0986328125,-0.04876708984375
1537,-0.1358642578125,-0.062835693359375
1538,-0.17218017578125,-0.077911376953125
1539,-0.202667236328125,-0.093719482421875
1540,-0.2244873046875,-0.1083984375
1541,-0.236968994140625,-0.11895751953125
1542,-0.239837646484375,-0.12298583984375
1543,-0.23223876953125,-0.120208740234375
1544,-0.2132568359375,-0.112335205078125
1545,-0.18402099609375,-0.101470947265625
1546,-0.14849853515625,-0.0887451171875
1547,-0.112152099609375,-0.074249267578125
1548,-0.07928466796875,-0.05841064453125
1549,-0.051727294921875,-0.042877197265625
1550,-0.030120849609375,-0.0301513671875
1551,-0.015838623046875,-0.02203369140625
1552,-0.011749267578125,-0.01873779296875
1553,-0.020355224609375,-0.019378662109375
1554,-0.041717529296875,-0.023162841796875
1555,-0.072509765625,-0.03009033203125
1556,-0.10784912109375,-0.04058837890625
1557,-0.1435546875,-0.054107666015625
1558,-0.17718505859375,-0.068603515625
1559,-0.207000732421875,-0.0814208984375
1560,-0.230621337890625,-0.090728759765625
1561,-0.24493408203125,-0.096405029296875
1562,-0.2474365234375,-0.099273681640625
1563,-0.237579345703125,-0.099609375
1564,-0.217071533203125,-0.09649658203125
1565,-0.18853759765625,-0.088653564453125
1566,-0.15478515625,-0.076080322265625
1567,-0.118438720703125,-0.060821533203125
1568,-0.08258056640625,-0.046142578125
1569,-0.051116943359375,-0.034454345703125
1570,-0.02789306640625,-0.026123046875
1571,-0.01556396484375,-0.019989013671875
1572,-0.01495361328125,-0.01531982421875
1573,-0.025238037109375,-0.013092041015625
1574,-0.04498291015625,-0.0152587890625
1575,-0.072601318359375,-0.0230712890625
1576,-0.106048583984375,-0.035491943359375
1577,-0.142578125,-0.04962158203125
1578,-0.1785888671875,-0.062530517578125
1579,-0.210357666015625,-0.07275390625
1580,-0.2347412109375,-0.080474853515625
1581,-0.249420166015625,-0.085906982421875
1582,-0.252899169921875,-0.088592529296875
1583,-0.244476318359375,-0.087493896484375
1584,-0.224609375,-0.082427978515625
1585,-0.1953125,-0.074493408203125
1586,-0.15997314453125,-0.065521240234375
1587,-0.1226806640625,-0.056610107421875
1588,-0.08721923828125,-0.047637939453125
1589,-0.05657958984375,-0.03814697265625
1590,-0.033050537109375,-0.02862548828125
1591,-0.0186767578125,-0.020751953125
1592,-0.015167236328125,-0.01641845703125
1593,-0.023406982421875,-0.01617431640625
1594,-0.043060302734375,-0.0191650390625
1595,-0.0721435546875,-0.0240478515625
1596,-0.10760498046875,-0.030059814453125
1597,-0.14581298828125,-0.037261962890625
1598,-0.18316650390625,-0.04571533203125
1599,-0.216094970703125,-0.0548095703125
1600,-0.2413330078125,-0.063079833984375
1601,-0.2562255859375,-0.06915283203125
1602,-0.2591552734375,-0.072113037109375
1603,-0.250030517578125,-0.0716552734375
1604,-0.22998046875,-0.06787109375
1605,-0.20111083984375,-0.061431884765625
1606,-0.166229248046875,-0.053466796875
1607,-0.12841796875,-0.045379638671875
1608,-0.09112548828125,-0.038177490234375
1609,-0.057952880859375,-0.0318603515625
1610,-0.032379150390625,-0.0257568359375
1611,-0.01727294921875,-0.01959228515625
1612,-0.014556884765625,-0.014129638671875
1613,-0.024658203125,-0.0108642578125
1614,-0.0462646484375,-0.010894775390625
1615,-0.076507568359375,-0.014068603515625
1616,-0.111846923828125,-0.019317626953125
1617,-0.14886474609375,-0.025360107421875
1618,-0.184906005859375,-0.0313720703125
1619,-0.21759033203125,-0.03692626953125
1620,-0.244232177734375,-0.041778564453125
1621,-0.261444091796875,-0.045501708984375
1622,-0.266143798828125,-0.04803466796875
1623,-0.2569580078125,-0.04937744140625
1624,-0.235260009765625,-0.049530029296875
1625,-0.204620361328125,-0.048065185546875
1626,-0.169342041015625,-0.044525146484375
1627,-0.132720947265625,-0.0391845703125
1628,-0.096954345703125,-0.033233642578125
1629,-0.06396484375,-0.027984619140625
1630,-0.0364990234375,-0.0238037109375
1631,-0.01824951171875,-0.01983642578125
1632,-0.012664794921875,-0.01531982421875
1633,-0.02117919921875,-0.010833740234375
1634,-0.04254150390625,-0.00811767578125
1635,-0.073516845703125,-0.008514404296875
1636,-0.110198974609375,-0.011474609375
1637,-0.149139404296875,-0.0147705078125
1638,-0.187408447265625,-0.0167236328125
1639,-0.22186279296875,-0.01763916015625
1640,-0.248931884765625,-0.019622802734375
1641,-0.265106201171875,-0.02410888671875
1642,-0.268035888671875,-0.03021240234375
1643,-0.257537841796875,-0.035125732421875
1644,-0.235626220703125,-0.036590576171875
1645,-0.205474853515625,-0.03460693359375
1646,-0.17047119140625,-0.03106689453125
1647,-0.133544921875,-0.027801513671875
1648,-0.09735107421875,-0.025177001953125
1649,-0.064666748046875,-0.022369384765625
1650,-0.0386962890625,-0.018890380859375
1651,-0.02252197265625,-0.01519775390625
1652,-0.018463134765625,-0.01226806640625
1653,-0.027252197265625,-0.010223388671875
1654,-0.048004150390625,-0.0084228515625
1655,-0.078216552734375,-0.006195068359375
1656,-0.114471435546875,-0.003814697265625
1657,-0.152862548828125,-0.002349853515625
1658,-0.1895751953125,-0.00262451171875
1659,-0.221405029296875,-0.004486083984375
1660,-0.245758056640625,-0.007049560546875
1661,-0.2607421875,-0.009521484375
1662,-0.265045166015625,-0.011749267578125
1663,-0.2579345703125,-0.013916015625
1664,-0.23968505859375,-0.015960693359375
1665,-0.211639404296875,-0.01751708984375
1666,-0.17645263671875,-0.018310546875
1667,-0.1376953125,-0.018524169921875
1668,-0.0994873046875,-0.01849365234375
1669,-0.065948486328125,-0.018341064453125
1670,-0.04052734375,-0.01776123046875
1671,-0.025482177734375,-0.01629638671875
1672,-0.0218505859375,-0.013763427734375
1673,-0.029449462890625,-0.010223388671875
1674,-0.0474853515625,-0.00579833984375
1675,-0.07470703125,-0.000823974609375
1676,-0.109375,0.003936767578125
1677,-0.1485595703125,0.007415771484375
1678,-0.18798828125,0.008819580078125
1679,-0.222625732421875,0.008270263671875
1680,-0.248077392578125,0.006988525390625
1681,-0.26177978515625,0.00592041015625
1682,-0.26348876953125,0.00506591796875
1683,-0.25433349609375,0.0032958984375
1684,-0.23583984375,-9.1552734375e-05
1685,-0.209320068359375,-0.004669189453125
1686,-0.17620849609375,-0.008697509765625
1687,-0.13873291015625,-0.010986328125
1688,-0.100433349609375,-0.0118408203125
1689,-0.065582275390625,-0.012603759765625
1690,-0.03851318359375,-0.01385498046875
1691,-0.022552490234375,-0.01446533203125
1692,-0.019378662109375,-0.01251220703125
1693,-0.028717041015625,-0.007049560546875
1694,-0.0487060546875,0.00067138671875
1695,-0.076629638671875,0.008331298828125
1696,-0.10992431640625,0.014129638671875
1697,-0.14630126953125,0.01806640625
1698,-0.18353271484375,0.021148681640625
1699,-0.2183837890625,0.023956298828125
1700,-0.246490478515625,0.025848388671875
1701,-0.263397216796875,0.02587890625
1702,-0.266387939453125,0.023834228515625
1703,-0.255889892578125,0.020416259765625
1704,-0.234832763671875,0.01641845703125
1705,-0.2069091796875,0.01202392578125
1706,-0.1746826171875,0.0067138671875
1707,-0.13958740234375,0.00042724609375
1708,-0.103179931640625,-0.005950927734375
1709,-0.068511962890625,-0.011016845703125
1710,-0.0401611328125,-0.01348876953125
1711,-0.02264404296875,-0.0130615234375
1712,-0.018402099609375,-0.01007080078125
1713,-0.02728271484375,-0.004974365234375
1714,-0.04718017578125,0.001861572265625
1715,-0.075408935546875,0.010162353515625
1716,-0.1094970703125,0.019287109375
1717,-0.146881103515625,0.028350830078125
1718,-0.184478759765625,0.036346435546875
1719,-0.21868896484375,0.042327880859375
1720,-0.2457275390625,0.045379638671875
1721,-0.26239013671875,0.045013427734375
1722,-0.26666259765625,0.041290283203125
1723,-0.25799560546875,0.035186767578125
1724,-0.23760986328125,0.027923583984375
1725,-0.208251953125,0.0205078125
1726,-0.173614501953125,0.013153076171875
1727,-0.137115478515625,0.00592041015625
1728,-0.101409912109375,-0.00079345703125
1729,-0.068572998046875,-0.00604248046875
1730,-0.041168212890625,-0.00872802734375
1731,-0.022735595703125,-0.008453369140625
1732,-0.016937255859375,-0.005645751953125
1733,-0.025543212890625,-0.000885009765625
1734,-0.047027587890625,0.0054931640625
1735,-0.077117919921875,0.013763427734375
1736,-0.111114501953125,0.023712158203125
1737,-0.14581298828125,0.034332275390625
1738,-0.179901123046875,0.044189453125
1739,-0.2120361328125,0.051910400390625
1740,-0.239166259765625,0.0570068359375
1741,-0.256927490234375,0.0594482421875
1742,-0.26171875,0.059417724609375
1743,-0.2529296875,0.056854248046875
1744,-0.23297119140625,0.05169677734375
1745,-0.205535888671875,0.04412841796875
1746,-0.17327880859375,0.03466796875
1747,-0.1378173828125,0.023834228515625
1748,-0.101043701171875,0.012420654296875
1749,-0.066619873046875,0.001739501953125
1750,-0.03948974609375,-0.0062255859375
1751,-0.023773193359375,-0.009490966796875
1752,-0.0208740234375,-0.007110595703125
1753,-0.029632568359375,0.000274658203125
1754,-0.047821044921875,0.0108642578125
1755,-0.07366943359375,0.022674560546875
1756,-0.1055908203125,0.034423828125
1757,-0.14129638671875,0.04547119140625
1758,-0.1771240234375,0.055450439453125
1759,-0.208984375,0.063873291015625
1760,-0.23358154296875,0.070220947265625
1761,-0.24920654296875,0.0740966796875
1762,-0.255096435546875,0.0750732421875
1763,-0.25048828125,0.072479248046875
1764,-0.234710693359375,0.065673828125
1765,-0.208282470703125,0.054779052734375
1766,-0.173797607421875,0.041107177734375
1767,-0.13580322265625,0.02691650390625
1768,-0.099212646484375,0.0142822265625
1769,-0.06787109375,0.00433349609375
1770,-0.0440673828125,-0.00250244140625
1771,-0.0291748046875,-0.00579833984375
1772,-0.024139404296875,-0.004669189453125
1773,-0.02947998046875,0.0015869140625
1774,-0.044952392578125,0.012603759765625
1775,-0.0694580078125,0.026641845703125
1776,-0.10107421875,0.041473388671875
1777,-0.137054443359375,0.055755615234375
1778,-0.173797607421875,0.069091796875
1779,-0.206756591796875,0.0811767578125
1780,-0.231475830078125,0.090911865234375
1781,-0.245086669921875,0.096405029296875
1782,-0.247222900390625,0.09613037109375
1783,-0.239471435546875,0.089996337890625
1784,-0.22357177734375,0.07928466796875
1785,-0.2003173828125,0.065765380859375
1786,-0.170135498046875,0.050628662109375
1787,-0.134765625,0.03466796875
1788,-0.09832763671875,0.01910400390625
1789,-0.066131591796875,0.005859375
1790,-0.0423583984375,-0.00274658203125
1791,-0.028411865234375,-0.005401611328125
1792,-0.02386474609375,-0.002227783203125
1793,-0.028045654296875,0.00537109375
1794,-0.041534423828125,0.015899658203125
1795,-0.06488037109375,0.028533935546875
1796,-0.096771240234375,0.0430908203125
1797,-0.133148193359375,0.059417724609375
1798,-0.168548583984375,0.07647705078125
1799,-0.198638916015625,0.092193603515625
1800,-0.22137451171875,0.10400390625
1801,-0.236328125,0.110076904296875
1802,-0.242889404296875,0.10968017578125
1803,-0.23956298828125,0.103485107421875
1804,-0.22515869140625,0.09259033203125
1805,-0.20025634765625,0.078125
1806,-0.167816162109375,0.0611572265625
1807,-0.132232666015625,0.04296875
1808,-0.097564697265625,0.025634765625
1809,-0.066925048828125,0.011505126953125
1810,-0.042724609375,0.002349853515625
1811,-0.027099609375,-0.001220703125
1812,-0.021636962890625,0.000274658203125
1813,-0.026885986328125,0.006378173828125
1814,-0.0418701171875,0.016998291015625
1815,-0.064727783203125,0.032318115234375
1816,-0.09344482421875,0.051544189453125
1817,-0.1259765625,0.072540283203125
1818,-0.15972900390625,0.09228515625
1819,-0.191162109375,0.108245849609375
1820,-0.21649169921875,0.119171142578125
1821,-0.232635498046875,0.125
1822,-0.2381591796875,0.12579345703125
1823,-0.23297119140625,0.12109375
1824,-0.2176513671875,0.11041259765625
1825,-0.193328857421875,0.094024658203125
1826,-0.16217041015625,0.073577880859375
1827,-0.1279296875,0.05169677734375
1828,-0.0950927734375,0.031280517578125
1829,-0.067230224609375,0.01483154296875
1830,-0.04583740234375,0.0040283203125
1831,-0.031036376953125,-0.0003662109375
1832,-0.023406982421875,0.001373291015625
1833,-0.02484130859375,0.00860595703125
1834,-0.037567138671875,0.02044677734375
1835,-0.061553955078125,0.03662109375
1836,-0.0931396484375,0.0570068359375
1837,-0.126373291015625,0.080596923828125
1838,-0.15625,0.104522705078125
1839,-0.180938720703125,0.124755859375
1840,-0.20098876953125,0.137908935546875
1841,-0.216705322265625,0.142791748046875
1842,-0.22607421875,0.140655517578125
1843,-0.225494384765625,0.1334228515625
1844,-0.212493896484375,0.12200927734375
1845,-0.18804931640625,0.106109619140625
1846,-0.156402587890625,0.085693359375
1847,-0.122833251953125,0.062469482421875
1848,-0.09124755859375,0.03985595703125
1849,-0.063720703125,0.02130126953125
1850,-0.04150390625,0.008819580078125
1851,-0.026214599609375,0.002777099609375
1852,-0.019805908203125,0.0029296875
1853,-0.02374267578125,0.0093994140625
1854,-0.037841796875,0.022369384765625
1855,-0.0604248046875,0.04132080078125
1856,-0.0888671875,0.06439208984375
1857,-0.120208740234375,0.08905029296875
1858,-0.15130615234375,0.112884521484375
1859,-0.17913818359375,0.13409423828125
1860,-0.200927734375,0.150848388671875
1861,-0.214630126953125,0.1610107421875
1862,-0.219085693359375,0.16259765625
1863,-0.2139892578125,0.15484619140625
1864,-0.199615478515625,0.1390380859375
1865,-0.177215576171875,0.11785888671875
1866,-0.149200439453125,0.09405517578125
1867,-0.118865966796875,0.06964111328125
1868,-0.0894775390625,0.046051025390625
1869,-0.06353759765625,0.0250244140625
1870,-0.042510986328125,0.009033203125
1871,-0.02764892578125,0.00048828125
1872,-0.02056884765625,0.000732421875
1873,-0.02313232421875,0.009429931640625
1874,-0.035919189453125,0.025115966796875
1875,-0.057342529296875,0.045928955078125
1876,-0.0838623046875,0.070220947265625
1877,-0.1116943359375,0.096282958984375
1878,-0.138275146484375,0.12188720703125
1879,-0.16259765625,0.14447021484375
1880,-0.183746337890625,0.161529541015625
1881,-0.199798583984375,0.1712646484375
1882,-0.207794189453125,0.172760009765625
1883,-0.205291748046875,0.165802001953125
1884,-0.19207763671875,0.15106201171875
1885,-0.170379638671875,0.1300048828125
1886,-0.1436767578125,0.10491943359375
1887,-0.1151123046875,0.07867431640625
1888,-0.08685302734375,0.053955078125
1889,-0.06072998046875,0.03277587890625
1890,-0.039031982421875,0.01666259765625
1891,-0.0244140625,0.00701904296875
1892,-0.018951416015625,0.00531005859375
1893,-0.023162841796875,0.0125732421875
1894,-0.03570556640625,0.0286865234375
1895,-0.05426025390625,0.051971435546875
1896,-0.076507568359375,0.079498291015625
1897,-0.100677490234375,0.108245849609375
1898,-0.125335693359375,0.135772705078125
1899,-0.148681640625,0.16021728515625
1900,-0.168548583984375,0.179443359375
1901,-0.182586669921875,0.1910400390625
1902,-0.1890869140625,0.1927490234375
1903,-0.18731689453125,0.183868408203125
1904,-0.177337646484375,0.16595458984375
1905,-0.1600341796875,0.141998291015625
1906,-0.136871337890625,0.115142822265625
1907,-0.110076904296875,0.08746337890625
1908,-0.082794189453125,0.060455322265625
1909,-0.058380126953125,0.035980224609375
1910,-0.0396728515625,0.01690673828125
1911,-0.0279541015625,0.006317138671875
1912,-0.023345947265625,0.005859375
1913,-0.02532958984375,0.014984130859375
1914,-0.033935546875,0.031524658203125
1915,-0.0494384765625,0.053314208984375
1916,-0.071319580078125,0.079071044921875
1917,-0.097442626953125,0.10772705078125
1918,-0.12396240234375,0.137115478515625
1919,-0.14678955078125,0.163787841796875
1920,-0.163330078125,0.183990478515625
1921,-0.17291259765625,0.195404052734375
1922,-0.175994873046875,0.19769287109375
1923,-0.17291259765625,0.191619873046875
1924,-0.163421630859375,0.177703857421875
1925,-0.1474609375,0.1561279296875
1926,-0.1260986328125,0.127899169921875
1927,-0.101715087890625,0.09600830078125
1928,-0.077362060546875,0.065155029296875
1929,-0.055511474609375,0.040008544921875
1930,-0.037994384765625,0.023223876953125
1931,-0.0260009765625,0.0150146484375
1932,-0.020660400390625,0.01446533203125
1933,-0.022735595703125,0.020965576171875
1934,-0.031951904296875,0.034912109375
1935,-0.04693603515625,0.056732177734375
1936,-0.065582275390625,0.085418701171875
1937,-0.0858154296875,0.118011474609375
1938,-0.1060791015625,0.150238037109375
1939,-0.12530517578125,0.1778564453125
1940,-0.142242431640625,0.19793701171875
1941,-0.15533447265625,0.20904541015625
1942,-0.162811279296875,0.2109375
1943,-0.162994384765625,0.20355224609375
1944,-0.155120849609375,0.187164306640625
1945,-0.13970947265625,0.162567138671875
1946,-0.118927001953125,0.131805419921875
1947,-0.095947265625,0.098358154296875
1948,-0.07391357421875,0.066375732421875
1949,-0.05474853515625,0.039337158203125
1950,-0.0390625,0.01953125
1951,-0.02716064453125,0.00823974609375
1952,-0.02001953125,0.0064697265625
1953,-0.019500732421875,0.015106201171875
1954,-0.026702880859375,0.03375244140625
1955,-0.0406494140625,0.0596923828125
1956,-0.058135986328125,0.08807373046875
1957,-0.075347900390625,0.114013671875
1958,-0.09002685546875,0.135223388671875
1959,-0.1021728515625,0.15277099609375
1960,-0.113067626953125,0.169158935546875
1961,-0.123565673828125,0.185577392578125
1962,-0.13360595703125,0.20068359375
1963,-0.14263916015625,0.2120361328125
1964,-0.15032958984375,0.218475341796875
1965,-0.15667724609375,0.221221923828125
1966,-0.161224365234375,0.2222900390625
1967,-0.163055419921875,0.222564697265625
1968,-0.16156005859375,0.22113037109375
1969,-0.157073974609375,0.216522216796875
1970,-0.15093994140625,0.208648681640625
1971,-0.14434814453125,0.198974609375
1972,-0.137359619140625,0.18878173828125
1973,-0.1290283203125,0.17779541015625
1974,-0.11865234375,0.16448974609375
1975,-0.106536865234375,0.14794921875
1976,-0.0938720703125,0.12933349609375
1977,-0.081695556640625,0.111114501953125
1978,-0.070281982421875,0.095001220703125
1979,-0.05950927734375,0.08062744140625
1980,-0.04931640625,0.066131591796875
1981,-0.040130615234375,0.050537109375
1982,-0.032257080078125,0.03497314453125
1983,-0.02557373046875,0.021881103515625
1984,-0.019622802734375,0.01312255859375
1985,-0.01446533203125,0.008514404296875
1986,-0.010711669921875,0.006591796875
1987,-0.009246826171875,0.00634765625
1988,-0.010223388671875,0.00830078125
1989,-0.0130615234375,0.01373291015625
1990,-0.016754150390625,0.023162841796875
1991,-0.020782470703125,0.035491943359375
1992,-0.025238037109375,0.048919677734375
1993,-0.030487060546875,0.062530517578125
1994,-0.036865234375,0.076904296875
1995,-0.044586181640625,0.093353271484375
1996,-0.053741455078125,0.1121826171875
1997,-0.063934326171875,0.132110595703125
1998,-0.07421875,0.15118408203125
1999,-0.083465576171875,0.168304443359375
2000,-0.091094970703125,0.18402099609375
2001,-0.0975341796875,0.199493408203125
2002,-0.10382080078125,0.21484375
2003,-0.11041259765625,0.22882080078125
2004,-0.116546630859375,0.239471435546875
2005,-0.12091064453125,0.245758056640625
2006,-0.122955322265625,0.2481689453125
2007,-0.123321533203125,0.247802734375
2008,-0.12310791015625,0.2451171875
2009,-0.122589111328125,0.239654541015625
2010,-0.121002197265625,0.23089599609375
2011,-0.117523193359375,0.219085693359375
2012,-0.1123046875,0.2054443359375
2013,-0.106170654296875,0.19085693359375
2014,-0.0994873046875,0.175506591796875
2015,-0.09149169921875,0.158905029296875
2016,-0.081146240234375,0.141021728515625
2017,-0.06884765625,0.1226806640625
2018,-0.0567626953125,0.105010986328125
2019,-0.04730224609375,0.088226318359375
2020,-0.041015625,0.071868896484375
2021,-0.0360107421875,0.0556640625
2022,-0.029876708984375,0.04034423828125
2023,-0.0220947265625,0.0274658203125
2024,-0.014495849609375,0.01812744140625
2025,-0.009490966796875,0.01202392578125
2026,-0.007720947265625,0.008270263671875
2027,-0.0079345703125,0.006622314453125
2028,-0.0084228515625,0.008087158203125
2029,-0.00885009765625,0.013671875
2030,-0.010162353515625,0.02325439453125
2031,-0.013153076171875,0.035369873046875
2032,-0.017333984375,0.04864501953125
2033,-0.0216064453125,0.0631103515625
2034,-0.025634765625,0.079986572265625
2035,-0.0303955078125,0.099853515625
2036,-0.037017822265625,0.1214599609375
2037,-0.04522705078125,0.142425537109375
2038,-0.053192138671875,0.1612548828125
2039,-0.059173583984375,0.178497314453125
2040,-0.063201904296875,0.1956787109375
2041,-0.06719970703125,0.21331787109375
2042,-0.072967529296875,0.229888916015625
2043,-0.080596923828125,0.24298095703125
2044,-0.088165283203125,0.25152587890625
2045,-0.093658447265625,0.256195068359375
2046,-0.09637451171875,0.258514404296875
2047,-0.09710693359375,0.2589111328125
2048,-0.09686279296875,0.256683349609375
2049,-0.095703125,0.2508544921875
2050,-0.09307861328125,0.2418212890625
2051,-0.088623046875,0.230804443359375
2052,-0.082977294921875,0.218841552734375
2053,-0.07708740234375,0.205657958984375
2054,-0.071319580078125,0.19012451171875
2055,-0.06524658203125,0.171661376953125
2056,-0.058349609375,0.150970458984375
2057,-0.050933837890625,0.129730224609375
2058,-0.044036865234375,0.10943603515625
2059,-0.038543701171875,0.090728759765625
2060,-0.0341796875,0.0736083984375
2061,-0.029754638671875,0.058013916015625
2062,-0.024383544921875,0.044097900390625
2063,-0.018402099609375,0.032135009765625
2064,-0.013153076171875,0.0223388671875
2065,-0.0098876953125,0.0150146484375
2066,-0.0086669921875,0.0106201171875
2067,-0.008636474609375,0.009613037109375
2068,-0.00860595703125,0.012054443359375
2069,-0.0081787109375,0.017486572265625
2070,-0.00775146484375,0.025390625
2071,-0.008056640625,0.03570556640625
2072,-0.009521484375,0.04888916015625
2073,-0.012359619140625,0.065277099609375
2074,-0.016357421875,0.084381103515625
2075,-0.0211181640625,0.10498046875
2076,-0.026031494140625,0.125457763671875
2077,-0.030487060546875,0.14501953125
2078,-0.034332275390625,0.163726806640625
2079,-0.037933349609375,0.18218994140625
2080,-0.041961669921875,0.20068359375
2081,-0.046600341796875,0.218658447265625
2082,-0.051300048828125,0.234832763671875
2083,-0.055084228515625,0.247894287109375
2084,-0.057525634765625,0.257232666015625
2085,-0.05902099609375,0.263214111328125
2086,-0.06011962890625,0.266754150390625
2087,-0.06097412109375,0.268280029296875
2088,-0.060943603515625,0.2674560546875
2089,-0.0594482421875,0.2633056640625
2090,-0.05682373046875,0.255035400390625
2091,-0.05413818359375,0.242950439453125
2092,-0.05218505859375,0.22821044921875
2093,-0.050689697265625,0.212005615234375
2094,-0.04840087890625,0.194793701171875
2095,-0.044464111328125,0.176177978515625
2096,-0.039276123046875,0.155853271484375
2097,-0.0341796875,0.13433837890625
2098,-0.030242919921875,0.113037109375
2099,-0.02716064453125,0.09332275390625
2100,-0.023956298828125,0.075653076171875
2101,-0.019989013671875,0.0595703125
2102,-0.0157470703125,0.04449462890625
2103,-0.012176513671875,0.0306396484375
2104,-0.009796142578125,0.019134521484375
2105,-0.008270263671875,0.01123046875
2106,-0.007080078125,0.007598876953125
2107,-0.00616455078125,0.007781982421875
2108,-0.005828857421875,0.0108642578125
2109,-0.005950927734375,0.016204833984375
2110,-0.005645751953125,0.023773193359375
2111,-0.004180908203125,0.034149169921875
2112,-0.001953125,0.047882080078125
2113,-0.0006103515625,0.0648193359375
2114,-0.00189208984375,0.084014892578125
2115,-0.00579833984375,0.10418701171875
2116,-0.010528564453125,0.12445068359375
2117,-0.013885498046875,0.144744873046875
2118,-0.01513671875,0.165283203125
2119,-0.0152587890625,0.185882568359375
2120,-0.015838623046875,0.2056884765625
2121,-0.017425537109375,0.22344970703125
2122,-0.019287109375,0.238555908203125
2123,-0.020416259765625,0.25115966796875
2124,-0.020751953125,0.261749267578125
2125,-0.02093505859375,0.270172119140625
2126,-0.02142333984375,0.275482177734375
2127,-0.021728515625,0.276641845703125
2128,-0.02093505859375,0.2734375
2129,-0.018798828125,0.266571044921875
2130,-0.01641845703125,0.256927490234375
2131,-0.01519775390625,0.244873046875
2132,-0.015655517578125,0.230255126953125
2133,-0.01678466796875,0.21343994140625
2134,-0.0169677734375,0.19537353515625
2135,-0.0155029296875,0.177215576171875
2136,-0.013336181640625,0.15911865234375
2137,-0.011993408203125,0.140289306640625
2138,-0.0123291015625,0.120025634765625
2139,-0.013458251953125,0.098968505859375
2140,-0.013763427734375,0.0791015625
2141,-0.012176513671875,0.06219482421875
2142,-0.00921630859375,0.048431396484375
2143,-0.006500244140625,0.03656005859375
2144,-0.00537109375,0.025634765625
2145,-0.005767822265625,0.016265869140625
2146,-0.006317138671875,0.01025390625
2147,-0.005615234375,0.00897216796875
2148,-0.003326416015625,0.011871337890625
2149,-0.000335693359375,0.01727294921875
2150,0.002044677734375,0.0240478515625
2151,0.00335693359375,0.03289794921875
2152,0.004058837890625,0.04571533203125
2153,0.0048828125,0.063446044921875
2154,0.006195068359375,0.084991455078125
2155,0.00762939453125,0.107696533203125
2156,0.0089111328125,0.12908935546875
2157,0.01007080078125,0.148590087890625
2158,0.01165771484375,0.167266845703125
2159,0.013824462890625,0.18658447265625
2160,0.016265869140625,0.206939697265625
2161,0.01824951171875,0.22705078125
2162,0.019561767578125,0.244873046875
2163,0.020538330078125,0.258514404296875
2164,0.021697998046875,0.26739501953125
2165,0.0230712890625,0.27227783203125
2166,0.02392578125,0.274505615234375
2167,0.023712158203125,0.274993896484375
2168,0.02252197265625,0.2735595703125
2169,0.021148681640625,0.269256591796875
2170,0.02020263671875,0.261199951171875
2171,0.019500732421875,0.249359130859375
2172,0.018218994140625,0.234588623046875
2173,0.01593017578125,0.2178955078125
2174,0.01300048828125,0.1998291015625
2175,0.010467529296875,0.180389404296875
2176,0.008880615234375,0.15966796875
2177,0.007781982421875,0.138458251953125
2178,0.00628662109375,0.1177978515625
2179,0.0037841796875,0.098602294921875
2180,0.00054931640625,0.0811767578125
2181,-0.00250244140625,0.06524658203125
2182,-0.0047607421875,0.0506591796875
2183,-0.0059814453125,0.03765869140625
2184,-0.0064697265625,0.026763916015625
2185,-0.006439208984375,0.01849365234375
2186,-0.005950927734375,0.01318359375
2187,-0.004913330078125,0.010986328125
2188,-0.003082275390625,0.011932373046875
2189,-0.000244140625,0.015960693359375
2190,0.00360107421875,0.02313232421875
2191,0.008056640625,0.033447265625
2192,0.012298583984375,0.047119140625
2193,0.01556396484375,0.063873291015625
2194,0.018096923828125,0.082855224609375
2195,0.0211181640625,0.102569580078125
2196,0.025970458984375,0.121917724609375
2197,0.03271484375,0.14068603515625
2198,0.03985595703125,0.15972900390625
2199,0.04541015625,0.179534912109375
2200,0.048553466796875,0.199432373046875
2201,0.050323486328125,0.217437744140625
2202,0.052398681640625,0.23199462890625
2203,0.0555419921875,0.243011474609375
2204,0.05877685546875,0.25189208984375
2205,0.060760498046875,0.2598876953125
2206,0.06103515625,0.266571044921875
2207,0.060638427734375,0.270050048828125
2208,0.06060791015625,0.26861572265625
2209,0.060699462890625,0.26239013671875
2210,0.05938720703125,0.2530517578125
2211,0.055450439453125,0.24237060546875
2212,0.0494384765625,0.2305908203125
2213,0.043304443359375,0.216522216796875
2214,0.03857421875,0.198822021484375
2215,0.03497314453125,0.177001953125
2216,0.03070068359375,0.151611328125
2217,0.024169921875,0.123626708984375
2218,0.015533447265625,0.094390869140625
2219,0.00665283203125,0.06591796875
2220,-0.0001220703125,0.04150390625
2221,-0.00335693359375,0.025054931640625
2222,-0.002532958984375,0.019622802734375
2223,0.002349853515625,0.02618408203125
2224,0.01104736328125,0.043487548828125
2225,0.02276611328125,0.069000244140625
2226,0.0361328125,0.100067138671875
2227,0.04949951171875,0.1341552734375
2228,0.0618896484375,0.168701171875
2229,0.072845458984375,0.2008056640625
2230,0.082061767578125,0.227325439453125
2231,0.088348388671875,0.245452880859375
2232,0.089996337890625,0.253082275390625
2233,0.085784912109375,0.249053955078125
2234,0.076080322265625,0.233428955078125
2235,0.0628662109375,0.20770263671875
2236,0.0484619140625,0.1749267578125
2237,0.0345458984375,0.13916015625
2238,0.021697998046875,0.104217529296875
2239,0.010406494140625,0.07318115234375
2240,0.001556396484375,0.048095703125
2241,-0.0035400390625,0.030670166015625
2242,-0.00384521484375,0.022674560546875
2243,0.000885009765625,0.025543212890625
2244,0.01025390625,0.039642333984375
2245,0.02349853515625,0.063751220703125
2246,0.03948974609375,0.095001220703125
2247,0.05670166015625,0.12982177734375
2248,0.073150634765625,0.16473388671875
2249,0.086822509765625,0.196624755859375
2250,0.096282958984375,0.222747802734375
2251,0.100921630859375,0.24053955078125
2252,0.100555419921875,0.24774169921875
2253,0.095245361328125,0.24310302734375
2254,0.085540771484375,0.227325439453125
2255,0.07269287109375,0.203155517578125
2256,0.05877685546875,0.17486572265625
2257,0.04595947265625,0.146820068359375
2258,0.03533935546875,0.121734619140625
2259,0.026611328125,0.100128173828125
2260,0.01885986328125,0.080902099609375
2261,0.011627197265625,0.063018798828125
2262,0.005279541015625,0.04656982421875
2263,0.000823974609375,0.032623291015625
2264,-0.001220703125,0.022064208984375
2265,-0.00115966796875,0.014801025390625
2266,6.103515625e-05,0.0098876953125
2267,0.001739501953125,0.006927490234375
2268,0.003631591796875,0.00665283203125
2269,0.006103515625,0.0106201171875
2270,0.009918212890625,0.01947021484375
2271,0.015594482421875,0.03204345703125
2272,0.023162841796875,0.046112060546875
2273,0.031951904296875,0.059967041015625
2274,0.0411376953125,0.074066162109375
2275,0.0504150390625,0.090576171875
2276,0.060516357421875,0.111419677734375
2277,0.072845458984375,0.136749267578125
2278,0.087982177734375,0.16424560546875
2279,0.104522705078125,0.19036865234375
2280,0.119049072265625,0.21173095703125
2281,0.1278076171875,0.226043701171875
2282,0.12872314453125,0.231964111328125
2283,0.12225341796875,0.228668212890625
2284,0.1104736328125,0.215911865234375
2285,0.095367431640625,0.19439697265625
2286,0.077880859375,0.16595458984375
2287,0.058563232421875,0.133544921875
2288,0.038543701171875,0.100677490234375
2289,0.020233154296875,0.0706787109375
2290,0.0064697265625,0.046539306640625
2291,-0.0006103515625,0.030487060546875
2292,-0.00030517578125,0.02386474609375
2293,0.006866455078125,0.026947021484375
2294,0.01971435546875,0.038909912109375
2295,0.036285400390625,0.058074951171875
2296,0.054351806640625,0.08197021484375
2297,0.07177734375,0.1077880859375
2298,0.087158203125,0.13275146484375
2299,0.100189208984375,0.15472412109375
2300,0.11138916015625,0.17279052734375
2301,0.121124267578125,0.187408447265625
2302,0.1292724609375,0.199737548828125
2303,0.135711669921875,0.210723876953125
2304,0.140777587890625,0.2203369140625
2305,0.14508056640625,0.227691650390625
2306,0.14862060546875,0.231842041015625
2307,0.150421142578125,0.232574462890625
2308,0.14923095703125,0.230377197265625
2309,0.144744873046875,0.225860595703125
2310,0.138458251953125,0.219329833984375
2311,0.13232421875,0.210479736328125
2312,0.12689208984375,0.198944091796875
2313,0.12042236328125,0.184814453125
2314,0.110565185546875,0.168853759765625
2315,0.09674072265625,0.15203857421875
2316,0.081268310546875,0.135284423828125
2317,0.06768798828125,0.119110107421875
2318,0.057769775390625,0.103485107421875
2319,0.050079345703125,0.088104248046875
2320,0.041595458984375,0.07275390625
2321,0.030731201171875,0.05767822265625
2322,0.019012451171875,0.043670654296875
2323,0.009735107421875,0.031707763671875
2324,0.00482177734375,0.02252197265625
2325,0.00347900390625,0.01611328125
2326,0.003143310546875,0.012054443359375
2327,0.00244140625,0.010009765625
2328,0.002349853515625,0.01019287109375
2329,0.0052490234375,0.01318359375
2330,0.01226806640625,0.01934814453125
2331,0.022369384765625,0.028289794921875
2332,0.0333251953125,0.03924560546875
2333,0.04376220703125,0.051544189453125
2334,0.05419921875,0.065032958984375
2335,0.06597900390625,0.079681396484375
2336,0.07952880859375,0.09521484375
2337,0.09381103515625,0.11102294921875
2338,0.107269287109375,0.12664794921875
2339,0.119110107421875,0.14208984375
2340,0.129638671875,0.15740966796875
2341,0.1395263671875,0.172210693359375
2342,0.14892578125,0.185272216796875
2343,0.15728759765625,0.19537353515625
2344,0.164031982421875,0.202362060546875
2345,0.168731689453125,0.20733642578125
2346,0.171112060546875,0.21148681640625
2347,0.1708984375,0.21478271484375
2348,0.168060302734375,0.215545654296875
2349,0.163299560546875,0.2119140625
2350,0.157806396484375,0.20355224609375
2351,0.15234375,0.192169189453125
2352,0.146331787109375,0.18023681640625
2353,0.138214111328125,0.1689453125
2354,0.1265869140625,0.15728759765625
2355,0.111480712890625,0.143218994140625
2356,0.094085693359375,0.125335693359375
2357,0.075592041015625,0.10406494140625
2358,0.05633544921875,0.081329345703125
2359,0.03680419921875,0.059417724609375
2360,0.018798828125,0.04046630859375
2361,0.00604248046875,0.026458740234375
2362,0.00238037109375,0.01953125
2363,0.009307861328125,0.021270751953125
2364,0.02532958984375,0.031951904296875
2365,0.0472412109375,0.04998779296875
2366,0.07244873046875,0.072723388671875
2367,0.09967041015625,0.097412109375
2368,0.12786865234375,0.12200927734375
2369,0.154571533203125,0.144927978515625
2370,0.176055908203125,0.1641845703125
2371,0.189056396484375,0.177459716796875
2372,0.192474365234375,0.1827392578125
2373,0.187225341796875,0.1793212890625
2374,0.174407958984375,0.1680908203125
2375,0.15447998046875,0.150909423828125
2376,0.127960205078125,0.1297607421875
2377,0.097137451171875,0.10638427734375
2378,0.06658935546875,0.082366943359375
2379,0.04119873046875,0.059783935546875
2380,0.0238037109375,0.04083251953125
2381,0.01434326171875,0.027557373046875
2382,0.011505126953125,0.021148681640625
2383,0.0150146484375,0.0220947265625
2384,0.0262451171875,0.03021240234375
2385,0.046417236328125,0.04498291015625
2386,0.07452392578125,0.065155029296875
2387,0.10699462890625,0.08856201171875
2388,0.13909912109375,0.112335205078125
2389,0.166961669921875,0.133758544921875
2390,0.188079833984375,0.151031494140625
2391,0.200714111328125,0.163330078125
2392,0.203521728515625,0.17010498046875
2393,0.19586181640625,0.1705322265625
2394,0.178955078125,0.163543701171875
2395,0.155609130859375,0.14886474609375
2396,0.128997802734375,0.127960205078125
2397,0.101287841796875,0.10394287109375
2398,0.073638916015625,0.080413818359375
2399,0.0474853515625,0.05987548828125
2400,0.0255126953125,0.0433349609375
2401,0.011260986328125,0.0308837890625
2402,0.007476806640625,0.02301025390625
2403,0.014892578125,0.02105712890625
2404,0.031982421875,0.026458740234375
2405,0.056121826171875,0.03948974609375
2406,0.08465576171875,0.058563232421875
2407,0.115234375,0.080841064453125
2408,0.145538330078125,0.103179931640625
