0,-0.0837823897600174
1,0.16773071885108948
2,0.32122674584388733
3,0.29080215096473694
4,0.09137023985385895
5,-0.16146811842918396
6,-0.3177180290222168
7,-0.29268714785575867
8,-0.09939262270927429
9,0.15007969737052917
10,0.3110595643520355
11,0.29694244265556335
12,0.11008217930793762
13,-0.13939055800437927
14,-0.30790218710899353
15,-0.29917407035827637
16,-0.12033840268850327
17,0.12512096762657166
18,0.30163174867630005
19,0.30574655532836914
20,0.13243913650512695
21,-0.11465250700712204
22,-0.2952038645744324
23,-0.31010404229164124
24,-0.14728274941444397
25,0.10050475597381592
26,0.2917604446411133
27,0.3143537640571594
28,0.15778246521949768
29,-0.09328073263168335
30,-0.2906875014305115
31,-0.3179209232330322
32,-0.16604754328727722
33,0.0796930342912674
34,0.28235575556755066
35,0.32493650913238525
36,0.17701612412929535
37,-0.07347726821899414
38,-0.280521035194397
39,-0.3238249123096466
40,-0.17983689904212952
41,0.06507760286331177
42,0.27558156847953796
43,0.3271467387676239
44,0.18973369896411896
45,-0.05595754086971283
46,-0.2726244032382965
47,-0.33089569211006165
48,-0.19807612895965576
49,0.04476196691393852
50,0.25993385910987854
51,0.32801300287246704
52,0.20787136256694794
53,-0.03317520394921303
54,-0.2535412311553955
55,-0.32720911502838135
56,-0.21635977923870087
57,0.019333697855472565
58,0.24080969393253326
59,0.32706600427627563
60,0.2265029102563858
61,-0.009719103574752808
62,-0.2352881133556366
63,-0.326805979013443
64,-0.23377692699432373
65,-0.005618412047624588
66,0.22783982753753662
67,0.33334556221961975
68,0.24612945318222046
69,0.014723725616931915
70,-0.22341305017471313
71,-0.33182790875434875
72,-0.2505413293838501
73,-0.02752615138888359
74,0.21188656985759735
75,0.33077964186668396
76,0.26031404733657837
77,0.03555642068386078
78,-0.2119216024875641
79,-0.3309839963912964
80,-0.25900062918663025
81,-0.04131067171692848
82,0.19806921482086182
83,0.32559069991111755
84,0.2661758065223694
85,0.05412261188030243
86,-0.18822738528251648
87,-0.32383328676223755
88,-0.27148890495300293
89,-0.0628407672047615
90,0.17909912765026093
91,0.3184649348258972
92,0.2777394652366638
93,0.0784454196691513
94,-0.1657792329788208
95,-0.3145394027233124
96,-0.28265708684921265
97,-0.09048491716384888
98,0.1534939706325531
99,0.31298643350601196
100,0.29448726773262024
101,0.102313332259655
102,-0.1482221782207489
103,-0.3085309863090515
104,-0.2966461479663849
105,-0.1156991571187973
106,0.13581645488739014
107,0.3096500039100647
108,0.3061355948448181
109,0.12441854923963547
110,-0.12974821031093597
111,-0.3041951060295105
112,-0.3047053813934326
113,-0.1325833946466446
114,0.11855699121952057
115,0.3022751808166504
116,0.3104732036590576
117,0.13928541541099548
118,-0.11361807584762573
119,-0.29784324765205383
120,-0.3109990954399109
121,-0.14821258187294006
122,0.10158445686101913
123,0.29303258657455444
124,0.31635332107543945
125,0.1584099531173706
126,-0.084989994764328
127,-0.28213274478912354
128,-0.3177800178527832
129,-0.17206576466560364
130,0.07148662954568863
131,0.2754623591899872
132,0.32055771350860596
133,0.18074017763137817
134,-0.0618218369781971
135,-0.2670414447784424
136,-0.32186031341552734
137,-0.19156363606452942
138,0.04788684844970703
139,0.26591217517852783
140,0.33162590861320496
141,0.20474472641944885
142,-0.04032951220870018
143,-0.26146483421325684
144,-0.33012548089027405
145,-0.21325215697288513
146,0.02514493465423584
147,0.2529950737953186
148,0.33457058668136597
149,0.2212105691432953
150,-0.019875269383192062
151,-0.2480831742286682
152,-0.33146142959594727
153,-0.2246829867362976
154,0.008125506341457367
155,0.23655542731285095
156,0.33105573058128357
157,0.23258253931999207
158,0.0019049011170864105
159,-0.22694626450538635
160,-0.3252538740634918
161,-0.23829253017902374
162,-0.014231093227863312
163,0.21652111411094666
164,0.32379835844039917
165,0.24169164896011353
166,0.024132825434207916
167,-0.20643115043640137
168,-0.3220442831516266
169,-0.25279420614242554
170,-0.03978358209133148
171,0.20058119297027588
172,0.32596999406814575
173,0.262213796377182
174,0.04796282947063446
175,-0.19092202186584473
176,-0.32400426268577576
177,-0.27477917075157166
178,-0.06594435125589371
179,0.18784695863723755
180,0.3309808373451233
181,0.27679863572120667
182,0.06773960590362549
183,-0.17904117703437805
184,-0.32474908232688904
185,-0.28199121356010437
186,-0.0776638388633728
187,0.17132405936717987
188,0.3221128582954407
189,0.28195279836654663
190,0.0784488245844841
191,-0.1640116274356842
192,-0.3104184865951538
193,-0.28292256593704224
194,-0.09229566156864166
195,0.15332970023155212
196,0.31038162112236023
197,0.2896747887134552
198,0.10093788802623749
199,-0.14531421661376953
200,-0.30446428060531616
201,-0.29313522577285767
202,-0.11617976427078247
203,0.12958282232284546
204,0.30152592062950134
205,0.30022284388542175
206,0.12824052572250366
207,-0.11779706180095673
208,-0.2981860935688019
209,-0.3075190484523773
210,-0.14072808623313904
211,0.10904199630022049
212,0.2949640452861786
213,0.31077027320861816
214,0.149429589509964
215,-0.09835885465145111
216,-0.2908041179180145
217,-0.3182778060436249
218,-0.15846997499465942
219,0.09454850852489471
220,0.2898620069026947
221,0.31890690326690674
222,0.16513574123382568
223,-0.08365896344184875
224,-0.2820674180984497
225,-0.3199305832386017
226,-0.1746244877576828
227,0.07360313832759857
228,0.27678704261779785
229,0.32002612948417664
230,0.17596504092216492
231,-0.0638463944196701
232,-0.26438719034194946
233,-0.3198925256729126
234,-0.19269654154777527
235,0.04680326581001282
236,0.2591596841812134
237,0.320217102766037
238,0.19914261996746063
239,-0.034281812608242035
240,-0.24793432652950287
241,-0.3197752833366394
242,-0.21359452605247498
243,0.01674826070666313
244,0.24300874769687653
245,0.32663822174072266
246,0.2254226803779602
247,-0.008932247757911682
248,-0.23679853975772858
249,-0.32636454701423645
250,-0.2344900220632553
251,-0.0065358951687812805
252,0.2315143644809723
253,0.33299389481544495
254,0.2374451756477356
255,0.013105351477861404
256,-0.21837078034877777
257,-0.3294913172721863
258,-0.24697312712669373
259,-0.019993029534816742
260,0.21688134968280792
261,0.32681649923324585
262,0.24752892553806305
263,0.03166288509964943
264,-0.20230673253536224
265,-0.320379376411438
266,-0.25637301802635193
267,-0.045347630977630615
268,0.19312790036201477
269,0.31696876883506775
270,0.25593698024749756
271,0.05320561304688454
272,-0.1776946485042572
273,-0.31031879782676697
274,-0.2674593925476074
275,-0.07008804380893707
276,0.17165954411029816
277,0.30969151854515076
278,0.2693152129650116
279,0.07958230376243591
280,-0.157558411359787
281,-0.30781450867652893
282,-0.28147733211517334
283,-0.09333977103233337
284,0.15179941058158875
285,0.30727848410606384
286,0.28704774379730225
287,0.10194536298513412
288,-0.14199508726596832
289,-0.302692711353302
290,-0.2944505214691162
291,-0.1123865395784378
292,0.13645979762077332
293,0.30413517355918884
294,0.2942562997341156
295,0.1160493791103363
296,-0.12712770700454712
297,-0.2998639941215515
298,-0.30059486627578735
299,-0.1260199099779129
300,0.12237298488616943
301,0.29667043685913086
302,0.29876434803009033
303,0.1335471123456955
304,-0.10344161093235016
305,-0.2842572331428528
306,-0.30614373087882996
307,-0.14915576577186584
308,0.09448438882827759
309,0.28092995285987854
310,0.30532556772232056
311,0.1587422788143158
312,-0.07507388293743134
313,-0.2725951373577118
314,-0.3159680664539337
315,-0.17545315623283386
316,0.06599948555231094
317,0.27180367708206177
318,0.3174770772457123
319,0.18356794118881226
320,-0.056560248136520386
321,-0.2657247483730316
322,-0.32567694783210754
323,-0.1966257244348526
324,0.048778221011161804
325,0.26340174674987793
326,0.3272496163845062
327,0.20017895102500916
328,-0.0407252237200737
329,-0.2597564160823822
330,-0.3289441466331482
331,-0.20908311009407043
332,0.03352919965982437
333,0.25633108615875244
334,0.32982075214385986
335,0.21329143643379211
336,-0.02563951537013054
337,-0.2496497631072998
338,-0.32598593831062317
339,-0.2173566222190857
340,0.020646236836910248
341,0.24621650576591492
342,0.32208752632141113
343,0.21965229511260986
344,-0.009123396128416061
345,-0.23059602081775665
346,-0.32061582803726196
347,-0.22548769414424896
348,-0.0034290961921215057
349,0.21764467656612396
350,0.3123447597026825
351,0.23170968890190125
352,0.02332957834005356
353,-0.19784671068191528
354,-0.31424829363822937
355,-0.24973814189434052
356,-0.04054049402475357
357,0.18986396491527557
358,0.31236276030540466
359,0.25681453943252563
360,0.06068670377135277
361,-0.1777384728193283
362,-0.31550678610801697
363,-0.2746010422706604
364,-0.0703672468662262
365,0.1755596101284027
366,0.32179710268974304
367,0.28041496872901917
368,0.07783238589763641
369,-0.1654699295759201
370,-0.3204515278339386
371,-0.2875887155532837
372,-0.0858125388622284
373,0.16612182557582855
374,0.31862112879753113
375,0.28791916370391846
376,0.09264281392097473
377,-0.15750502049922943
378,-0.3148772120475769
379,-0.2920708656311035
380,-0.10379369556903839
381,0.1485247015953064
382,0.31166717410087585
383,0.2963816225528717
384,0.11366122961044312
385,-0.13934923708438873
386,-0.3089877963066101
387,-0.30002203583717346
388,-0.1200522854924202
389,0.1325610876083374
390,0.30738115310668945
391,0.30431631207466125
392,0.12550421059131622
393,-0.12542355060577393
394,-0.30365365743637085
395,-0.3066759407520294
396,-0.13101068139076233
397,0.1182488352060318
398,0.2971433103084564
399,0.30548611283302307
400,0.13976126909255981
401,-0.10405421257019043
402,-0.2890331745147705
403,-0.3112369775772095
404,-0.14961574971675873
405,0.0935908854007721
406,0.28345435857772827
407,0.3109622895717621
408,0.16166310012340546
409,-0.0768720880150795
410,-0.2758329510688782
411,-0.3183794617652893
412,-0.1779882162809372
413,0.06699603796005249
414,0.2693995535373688
415,0.3156468868255615
416,0.18085460364818573
417,-0.05589037388563156
418,-0.2604176104068756
419,-0.3160434067249298
420,-0.19040332734584808
421,0.04896598681807518
422,0.25591087341308594
423,0.31089094281196594
424,0.19295378029346466
425,-0.03445417061448097
426,-0.24033530056476593
427,-0.31188586354255676
428,-0.20658555626869202
429,0.018652688711881638
430,0.23253700137138367
431,0.3135248124599457
432,0.21895334124565125
433,0.0016290433704853058
434,-0.22210299968719482
435,-0.3194703161716461
436,-0.23237843811511993
437,-0.009566202759742737
438,0.21913251280784607
439,0.3214091956615448
440,0.23939557373523712
441,0.015340149402618408
442,-0.2145158350467682
443,-0.32427993416786194
444,-0.2455647587776184
445,-0.020572632551193237
446,0.2110215127468109
447,0.3162296712398529
448,0.24194923043251038
449,0.028503526002168655
450,-0.1996300220489502
451,-0.31327852606773376
452,-0.2505505084991455
453,-0.03758468106389046
454,0.19015005230903625
455,0.3080751299858093
456,0.254835307598114
457,0.054675161838531494
458,-0.17725874483585358
459,-0.31015297770500183
460,-0.2682570517063141
461,-0.06744088232517242
462,0.1729835718870163
463,0.31431666016578674
464,0.276041179895401
465,0.0805908665060997
466,-0.16257745027542114
467,-0.3182715177536011
468,-0.28807467222213745
469,-0.09228561818599701
470,0.16157159209251404
471,0.3206588327884674
472,0.29157236218452454
473,0.09775034338235855
474,-0.15250173211097717
475,-0.31516188383102417
476,-0.2951048016548157
477,-0.10390223562717438
478,0.14920735359191895
479,0.31325724720954895
480,0.29770997166633606
481,0.11143159866333008
482,-0.1390087902545929
483,-0.3124009668827057
484,-0.30682480335235596
485,-0.12156187742948532
486,0.12837855517864227
487,0.304447740316391
488,0.3058355748653412
489,0.13540618121623993
490,-0.11692645400762558
491,-0.3018302321434021
492,-0.31216078996658325
493,-0.13927839696407318
494,0.10817031562328339
495,0.28966525197029114
496,0.3121812343597412
497,0.15233442187309265
498,-0.09409426152706146
499,-0.28793811798095703
500,-0.3161463439464569
501,-0.164954274892807
502,0.08332377672195435
503,0.2825092375278473
504,0.3205571174621582
505,0.17873674631118774
506,-0.06568075716495514
507,-0.2758665680885315
508,-0.3289410471916199
509,-0.18741779029369354
510,0.06316053867340088
511,0.2739611864089966
512,0.32703858613967896
513,0.19269709289073944
514,-0.05241598188877106
515,-0.26633220911026
516,-0.32849040627479553
517,-0.1958571821451187
518,0.044459808617830276
519,0.25509729981422424
520,0.3219357430934906
521,0.20720194280147552
522,-0.02510955184698105
523,-0.24792177975177765
524,-0.3303239941596985
525,-0.22379648685455322
526,0.013093721121549606
527,0.23948180675506592
528,0.3267070949077606
529,0.2298097014427185
530,0.0007869526743888855
531,-0.2285866141319275
532,-0.32834482192993164
533,-0.2385462373495102
534,-0.009818017482757568
535,0.22145283222198486
536,0.3270125091075897
537,0.2439304143190384
538,0.020334843546152115
539,-0.21398338675498962
540,-0.3293013572692871
541,-0.2513875663280487
542,-0.022712986916303635
543,0.21621936559677124
544,0.3284609913825989
545,0.25240495800971985
546,0.03221682459115982
547,-0.20750123262405396
548,-0.3298139274120331
549,-0.2616497874259949
550,-0.03947032615542412
551,0.20177605748176575
552,0.32217398285865784
553,0.26194536685943604
554,0.054218634963035583
555,-0.18454717099666595
556,-0.31914710998535156
557,-0.26754751801490784
558,-0.06402382999658585
559,0.17120862007141113
560,0.31079429388046265
561,0.2735884189605713
562,0.08070118725299835
563,-0.15691640973091125
564,-0.30645862221717834
565,-0.28253334760665894
566,-0.09736666083335876
567,0.14506572484970093
568,0.3060396611690521
569,0.2904925048351288
570,0.1090543270111084
571,-0.13667958974838257
572,-0.30607670545578003
573,-0.29749125242233276
574,-0.11695198714733124
575,0.12681350111961365
576,0.29748761653900146
577,0.30082520842552185
578,0.1311824470758438
579,-0.11607520282268524
580,-0.29603973031044006
581,-0.303128719329834
582,-0.1401171237230301
583,0.1025577187538147
584,0.28974610567092896
585,0.312452495098114
586,0.1568872332572937
587,-0.09367120265960693
588,-0.2927921414375305
589,-0.32151225209236145
590,-0.1643024981021881
591,0.09201909601688385
592,0.29308491945266724
593,0.3208114206790924
594,0.16559621691703796
595,-0.08348841220140457
596,-0.283328115940094
597,-0.3210025727748871
598,-0.16882850229740143
599,0.08099403977394104
600,0.2722547948360443
601,0.30948302149772644
602,0.18037469685077667
603,-0.058011703193187714
604,-0.2647644281387329
605,-0.31684410572052
606,-0.19329257309436798
607,0.04175116866827011
608,0.25506436824798584
609,0.32497549057006836
610,0.20954319834709167
611,-0.028976820409297943
612,-0.2550427317619324
613,-0.33721232414245605
614,-0.21887291967868805
615,0.028655510395765305
616,0.2556447386741638
617,0.33393728733062744
618,0.22387205064296722
619,-0.02009836584329605
620,-0.2567766308784485
621,-0.3384689688682556
622,-0.2215932011604309
623,0.01911846548318863
624,0.24648313224315643
625,0.33592894673347473
626,0.22982309758663177
627,-0.007252335548400879
628,-0.23841643333435059
629,-0.33652186393737793
630,-0.23835600912570953
631,0.0006457045674324036
632,0.23256906867027283
633,0.33093127608299255
634,0.24317556619644165
635,0.0151309072971344
636,-0.2202824056148529
637,-0.3280635476112366
638,-0.24712923169136047
639,-0.0260365791618824
640,0.2040528506040573
641,0.3150513768196106
642,0.25323230028152466
643,0.0432395413517952
644,-0.19251686334609985
645,-0.3174709975719452
646,-0.26000186800956726
647,-0.05430648848414421
648,0.1840076744556427
649,0.3208147883415222
650,0.27235665917396545
651,0.06389439105987549
652,-0.18279869854450226
653,-0.3230415880680084
654,-0.27969127893447876
655,-0.07327882945537567
656,0.1753789484500885
657,0.3219568431377411
658,0.284376859664917
659,0.08687596768140793
660,-0.16154097020626068
661,-0.31760284304618835
662,-0.2907310128211975
663,-0.09766530990600586
664,0.14644747972488403
665,0.31096357107162476
666,0.30311837792396545
667,0.11484485119581223
668,-0.14212381839752197
669,-0.3158566951751709
670,-0.30585619807243347
671,-0.11680921912193298
672,0.13645072281360626
673,0.30987706780433655
674,0.30703967809677124
675,0.12799978256225586
676,-0.12428103387355804
677,-0.3078279495239258
678,-0.3092710077762604
679,-0.13864445686340332
680,0.10591153800487518
681,0.29136940836906433
682,0.3167428970336914
683,0.16077715158462524
684,-0.09804179519414902
685,-0.30680719017982483
686,-0.3340989351272583
687,-0.16526848077774048
688,0.10348180681467056
689,0.30958646535873413
690,0.33154475688934326
691,0.16327351331710815
692,-0.10456708073616028
693,-0.3086198568344116
694,-0.30729496479034424
695,-0.07784843444824219
696,0.21358168125152588
697,0.33773505687713623
698,0.16433441638946533
699,-0.1527094841003418
700,-0.3517753779888153
701,-0.25426289439201355
702,0.0730057954788208
703,0.3392992317676544
704,0.3369460105895996
705,0.0531628243625164
706,-0.2716253697872162
707,-0.3760865330696106
708,-0.17616023123264313
709,0.1648017168045044
710,0.37690508365631104
711,0.28331059217453003
712,-0.04882369562983513
713,-0.3394812047481537
714,-0.35164278745651245
715,-0.08294269442558289
716,0.24962905049324036
717,0.3868769109249115
718,0.212374746799469
719,-0.13340486586093903
720,-0.37151509523391724
721,-0.3104836344718933
722,-0.0006897337734699249
723,0.3094003200531006
724,0.3679388463497162
725,0.13228188455104828
726,-0.20811054110527039
727,-0.3817243278026581
728,-0.24651974439620972
729,0.08828515559434891
730,0.34859365224838257
731,0.3311556577682495
732,0.04468493536114693
733,-0.2822888493537903
734,-0.3767055571079254
735,-0.16954058408737183
736,0.17426066100597382
737,0.3762030601501465
738,0.27512258291244507
739,-0.04662579298019409
740,-0.33183765411376953
741,-0.34127530455589294
742,-0.07084845006465912
743,0.25035202503204346
744,0.3638589382171631
745,0.1794210970401764
746,-0.1507014036178589
747,-0.3552665114402771
748,-0.2667141556739807
749,0.042783938348293304
750,0.3177947700023651
751,0.32542091608047485
752,0.0630996823310852
753,-0.2464391589164734
754,-0.3575386106967926
755,-0.17595840990543365
756,0.15321063995361328
757,0.35523420572280884
758,0.26511186361312866
759,-0.04308368265628815
760,-0.3150850534439087
761,-0.32932066917419434
762,-0.07231824100017548
763,0.24593617022037506
764,0.3628697693347931
765,0.18471139669418335
766,-0.1422635167837143
767,-0.3569009006023407
768,-0.28151583671569824
769,0.0234975665807724
770,0.31005173921585083
771,0.34559866786003113
772,0.09658616036176682
773,-0.22674013674259186
774,-0.3650287985801697
775,-0.2056773155927658
776,0.1240147203207016
777,0.3540988266468048
778,0.2903538942337036
779,-0.010888975113630295
780,-0.3022119700908661
781,-0.34956538677215576
782,-0.1117522194981575
783,0.22121885418891907
784,0.37325412034988403
785,0.21602953970432281
786,-0.11691872775554657
787,-0.3579336404800415
788,-0.3052443563938141
789,-0.007712949067354202
790,0.3000451624393463
791,0.36354300379753113
792,0.12737280130386353
793,-0.20877103507518768
794,-0.376697838306427
795,-0.2387351095676422
796,0.09513072669506073
797,0.35309720039367676
798,0.3241744339466095
799,0.031861234456300735
800,-0.2854059636592865
801,-0.3678988218307495
802,-0.1566598117351532
803,0.17892250418663025
804,0.37276482582092285
805,0.2596092224121094
806,-0.06465768814086914
807,-0.32975322008132935
808,-0.32731425762176514
809,-0.05951419472694397
810,0.25545257329940796
811,0.36091649532318115
812,0.1682455688714981
813,-0.16082289814949036
814,-0.3552175760269165
815,-0.2609334886074066
816,0.045906320214271545
817,0.32038506865501404
818,0.3276773691177368
819,0.06223389506340027
820,-0.24708518385887146
821,-0.35715100169181824
822,-0.17705027759075165
823,0.15240824222564697
824,0.3594931364059448
825,0.27104631066322327
826,-0.041526585817337036
827,-0.3272186517715454
828,-0.34522145986557007
829,-0.07979999482631683
830,0.25023654103279114
831,0.3787168860435486
832,0.20465387403964996
833,-0.13600556552410126
834,-0.3711860179901123
835,-0.30386367440223694
836,0.012044541537761688
837,0.3154427409172058
838,0.36633437871932983
839,0.1248486340045929
840,-0.2228955775499344
841,-0.3872013986110687
842,-0.23919126391410828
843,0.09731331467628479
844,0.35479262471199036
845,0.3216542601585388
846,0.02680523693561554
847,-0.28567811846733093
848,-0.3697713017463684
849,-0.15184664726257324
850,0.18842338025569916
851,0.37413227558135986
852,0.2592311501502991
853,-0.06450030952692032
854,-0.3326586186885834
855,-0.3341948986053467
856,-0.058990102261304855
857,0.2666320204734802
858,0.36920401453971863
859,0.17121951282024384
860,-0.16195496916770935
861,-0.3635821044445038
862,-0.2692428231239319
863,0.043800149112939835
864,0.3222985863685608
865,0.33850619196891785
866,0.07425954937934875
867,-0.24738220870494843
868,-0.36161988973617554
869,-0.18472114205360413
870,0.14201265573501587
871,0.35906344652175903
872,0.2783094346523285
873,-0.03026072308421135
874,-0.3168182671070099
875,-0.34735554456710815
876,-0.09019756317138672
877,0.23731601238250732
878,0.3748476803302765
879,0.2086532860994339
880,-0.1301652193069458
881,-0.3666435778141022
882,-0.3069065809249878
883,0.006668210029602051
884,0.31410136818885803
885,0.36441943049430847
886,0.12347681820392609
887,-0.21634207665920258
888,-0.3870800733566284
889,-0.24368558824062347
890,0.10006833076477051
891,0.36002957820892334
892,0.33136996626853943
893,0.03646783158183098
894,-0.2930030822753906
895,-0.38484880328178406
896,-0.16117240488529205
897,0.18995237350463867
898,0.38628384470939636
899,0.2704903185367584
900,-0.06035527586936951
901,-0.33818966150283813
902,-0.3431977927684784
903,-0.06808602809906006
904,0.2614525556564331
905,0.3797305226325989
906,0.18073418736457825
907,-0.16166625916957855
908,-0.36922505497932434
909,-0.28009510040283203
910,0.037623632699251175
911,0.32087457180023193
912,0.3397970497608185
913,0.07521124184131622
914,-0.24903711676597595
915,-0.37372082471847534
916,-0.1872119903564453
917,0.14848804473876953
918,0.35951706767082214
919,0.28325557708740234
920,-0.023342877626419067
921,-0.30951613187789917
922,-0.347121924161911
923,-0.09726894646883011
924,0.2363777607679367
925,0.37273964285850525
926,0.2038293331861496
927,-0.1298377513885498
928,-0.36098146438598633
929,-0.29999932646751404
930,0.002925332635641098
931,0.3063158392906189
932,0.3590852618217468
933,0.11998704075813293
934,-0.21764549612998962
935,-0.3776334822177887
936,-0.23128119111061096
937,0.10706262290477753
938,0.36215832829475403
939,0.3180035948753357
940,0.024005945771932602
941,-0.2839716672897339
942,-0.36154645681381226
943,-0.14739584922790527
944,0.1846175342798233
945,0.3669614791870117
946,0.24809862673282623
947,-0.0784907415509224
948,-0.3363385498523712
949,-0.31885507702827454
950,-0.04167647287249565
951,0.27277690172195435
952,0.3591957092285156
953,0.15317392349243164
954,-0.17971934378147125
955,-0.3691319227218628
956,-0.25565648078918457
957,0.06522791087627411
958,0.3370002806186676
959,0.3366521894931793
960,0.06044336035847664
961,-0.26740044355392456
962,-0.37983423471450806
963,-0.1827920526266098
964,0.16500639915466309
965,0.37773269414901733
966,0.28436923027038574
967,-0.036406487226486206
968,-0.33017289638519287
969,-0.355057954788208
970,-0.09143312275409698
971,0.24470309913158417
972,0.38223177194595337
973,0.20649287104606628
974,-0.136531263589859
975,-0.3616372048854828
976,-0.29440420866012573
977,0.011876128613948822
978,0.31064939498901367
979,0.3524094223976135
980,0.1094062328338623
981,-0.2232980728149414
982,-0.3762664198875427
983,-0.218250572681427
984,0.11735935509204865
985,0.3566073179244995
986,0.305125892162323
987,0.005269255489110947
988,-0.3009165823459625
989,-0.3606263995170593
990,-0.12215277552604675
991,0.2132548689842224
992,0.3770386576652527
993,0.2355080395936966
994,-0.09525790810585022
995,-0.3493359088897705
996,-0.31713396310806274
997,-0.026265345513820648
998,0.2885631024837494
999,0.37283381819725037
1000,0.14808809757232666
1001,-0.19525942206382751
1002,-0.37735867500305176
1003,-0.25797903537750244
1004,0.0697786808013916
1005,0.3430154323577881
1006,0.33286550641059875
1007,0.05085297301411629
1008,-0.27426108717918396
1009,-0.37239840626716614
1010,-0.16599273681640625
1011,0.16858293116092682
1012,0.36882051825523376
1013,0.2709176540374756
1014,-0.0474712960422039
1015,-0.32657307386398315
1016,-0.34146732091903687
1017,-0.07523803412914276
1018,0.2546241283416748
1019,0.37555164098739624
1020,0.1910170018672943
1021,-0.1502893567085266
1022,-0.3680036664009094
1023,-0.2855989634990692
1024,0.025234580039978027
1025,0.31482091546058655
1026,0.3502742052078247
1027,0.09946994483470917
1028,-0.23292621970176697
1029,-0.37634605169296265
1030,-0.21237316727638245
1031,0.12884646654129028
1032,0.36204707622528076
1033,0.29993337392807007
1034,-0.004772152751684189
1035,-0.30705806612968445
1036,-0.3643532693386078
1037,-0.12420293688774109
1038,0.22073441743850708
1039,0.38140419125556946
1040,0.22933167219161987
1041,-0.10633492469787598
1042,-0.35502052307128906
1043,-0.32078540325164795
1044,-0.021401721984148026
1045,0.2921953499317169
1046,0.36693599820137024
1047,0.14902469515800476
1048,-0.19142714142799377
1049,-0.3758557438850403
1050,-0.2512955069541931
1051,0.07636582851409912
1052,0.33874791860580444
1053,0.32985758781433105
1054,0.052130077034235
1055,-0.27247709035873413
1056,-0.3745471239089966
1057,-0.16686950623989105
1058,0.1733309030532837
1059,0.37237465381622314
1060,0.2661712169647217
1061,-0.052136942744255066
1062,-0.32903867959976196
1063,-0.33779963850975037
1064,-0.06503944844007492
1065,0.2570301592350006
1066,0.3739623427391052
1067,0.18237917125225067
1068,-0.15867099165916443
1069,-0.3701530992984772
1070,-0.277626097202301
1071,0.037894681096076965
1072,0.3208918273448944
1073,0.34598416090011597
1074,0.0877242311835289
1075,-0.24208901822566986
1076,-0.3771221339702606
1077,-0.20125707983970642
1078,0.1375432014465332
1079,0.3653113842010498
1080,0.2983815371990204
1081,-0.0130198635160923
1082,-0.31365787982940674
1083,-0.360689252614975
1084,-0.112786665558815
1085,0.22968187928199768
1086,0.3835171163082123
1087,0.2279566526412964
1088,-0.1102067083120346
1089,-0.35877713561058044
1090,-0.3140391409397125
1091,-0.011450257152318954
1092,0.30128973722457886
1093,0.36636725068092346
1094,0.13208763301372528
1095,-0.20868158340454102
1096,-0.37633466720581055
1097,-0.24002890288829803
1098,0.0927954912185669
1099,0.3516359031200409
1100,0.319305956363678
1101,0.027736254036426544
1102,-0.28362220525741577
1103,-0.3652987778186798
1104,-0.14985579252243042
1105,0.1887170672416687
1106,0.37283194065093994
1107,0.2487482875585556
1108,-0.07654592394828796
1109,-0.33586621284484863
1110,-0.3292458951473236
1111,-0.05045326426625252
1112,0.2747686505317688
1113,0.3748775124549866
1114,0.17065022885799408
1115,-0.16994032263755798
1116,-0.3735814392566681
1117,-0.2711687684059143
1118,0.053533975034952164
1119,0.3319144546985626
1120,0.34181395173072815
1121,0.0686463713645935
1122,-0.25925493240356445
1123,-0.3764837980270386
1124,-0.18909956514835358
1125,0.15033411979675293
1126,0.37009742856025696
1127,0.28976404666900635
1128,-0.028166476637125015
1129,-0.32030928134918213
1130,-0.35442474484443665
1131,-0.09915870428085327
1132,0.23665490746498108
1133,0.37885725498199463
1134,0.21463070809841156
1135,-0.12275222688913345
1136,-0.3605816662311554
1137,-0.30886536836624146
1138,-0.004186734557151794
1139,0.30566665530204773
1140,0.36176446080207825
1141,0.12407464534044266
1142,-0.21756769716739655
1143,-0.38059133291244507
1144,-0.23291699588298798
1145,0.09650787711143494
1146,0.35146811604499817
1147,0.32045358419418335
1148,0.021816007792949677
1149,-0.2907978892326355
1150,-0.3653595447540283
1151,-0.1404123306274414
1152,0.20029088854789734
1153,0.3772326111793518
1154,0.25312432646751404
1155,-0.07858984172344208
1156,-0.34565019607543945
1157,-0.33044207096099854
1158,-0.05007360503077507
1159,0.27413585782051086
1160,0.37546563148498535
1161,0.16764114797115326
1162,-0.1756841242313385
1163,-0.37612637877464294
1164,-0.2726288139820099
1165,0.050783779472112656
1166,0.33296647667884827
1167,0.3427102565765381
1168,0.07663269340991974
1169,-0.25272607803344727
1170,-0.3794882893562317
1171,-0.19476591050624847
1172,0.1504562795162201
1173,0.37331604957580566
1174,0.29006800055503845
1175,-0.023993823677301407
1176,-0.3211643695831299
1177,-0.3540187478065491
1178,-0.0973515510559082
1179,0.23630453646183014
1180,0.3760678172111511
1181,0.21013064682483673
1182,-0.12621022760868073
1183,-0.36325374245643616
1184,-0.2968912422657013
1185,0.005991656333208084
1186,0.30624035000801086
1187,0.35813018679618835
1188,0.11648765206336975
1189,-0.2187361866235733
1190,-0.37971562147140503
1191,-0.2283855676651001
1192,0.10788773745298386
1193,0.3544425964355469
1194,0.315292090177536
1195,0.01990928128361702
1196,-0.2963052988052368
1197,-0.37033823132514954
1198,-0.13924911618232727
1199,0.20337814092636108
1200,0.37789520621299744
1201,0.24868860840797424
1202,-0.08670827746391296
1203,-0.35306569933891296
1204,-0.32896649837493896
1205,-0.04071328416466713
1206,0.2752408981323242
1207,0.36885538697242737
1208,0.16614297032356262
1209,-0.174746572971344
1210,-0.371092289686203
1211,-0.26456591486930847
1212,0.05576842278242111
1213,0.33248835802078247
1214,0.33790096640586853
1215,0.0688057392835617
1216,-0.25540149211883545
1217,-0.37345826625823975
1218,-0.18412518501281738
1219,0.1534958928823471
1220,0.3622039258480072
1221,0.28120458126068115
1222,-0.026926763355731964
1223,-0.3207796812057495
1224,-0.3505997657775879
1225,-0.09126123785972595
1226,0.24198627471923828
1227,0.37506404519081116
1228,0.20012877881526947
1229,-0.13558849692344666
1230,-0.3623667359352112
1231,-0.2965320646762848
1232,0.010433163493871689
1233,0.3112555742263794
1234,0.35477036237716675
1235,0.10744765400886536
1236,-0.2295103520154953
1237,-0.37980401515960693
1238,-0.2228052020072937
1239,0.11606176197528839
1240,0.35956138372421265
1241,0.3088606595993042
1242,0.00881873071193695
1243,-0.2959214746952057
1244,-0.3635856509208679
1245,-0.13415677845478058
1246,0.20852334797382355
1247,0.37657809257507324
1248,0.24096137285232544
1249,-0.09366776794195175
1250,-0.35121431946754456
1251,-0.32065558433532715
1252,-0.03341304510831833
1253,0.28288882970809937
1254,0.37136781215667725
1255,0.15051224827766418
1256,-0.19035398960113525
1257,-0.3754274249076843
1258,-0.2529289722442627
1259,0.07479412853717804
1260,0.3415382206439972
1261,0.3312942385673523
1262,0.04675811901688576
1263,-0.2700527608394623
1264,-0.3688133955001831
1265,-0.16933688521385193
1266,0.16981269419193268
1267,0.3705485165119171
1268,0.2654303014278412
1269,-0.049507852643728256
1270,-0.32733407616615295
1271,-0.34198394417762756
1272,-0.07107798755168915
1273,0.25520074367523193
1274,0.3721107840538025
1275,0.18774361908435822
1276,-0.15190249681472778
1277,-0.3712022602558136
1278,-0.28646689653396606
1279,0.0321931429207325
1280,0.325563907623291
1281,0.35330823063850403
1282,0.09610825777053833
1283,-0.23919185996055603
1284,-0.38321489095687866
1285,-0.2116399109363556
1286,0.13190531730651855
1287,0.3647017180919647
1288,0.3050898611545563
1289,-0.0032136552035808563
1290,-0.309236079454422
1291,-0.3623689115047455
1292,-0.12242978811264038
1293,0.21815413236618042
1294,0.3816353380680084
1295,0.23125135898590088
1296,-0.10494118928909302
1297,-0.3560657799243927
1298,-0.321222186088562
1299,-0.02133461833000183
1300,0.29065456986427307
1301,0.3619152307510376
1302,0.14448343217372894
1303,-0.19199588894844055
1304,-0.37276121973991394
1305,-0.24741800129413605
1306,0.08298351615667343
1307,0.34494033455848694
1308,0.32333478331565857
1309,0.041132889688014984
1310,-0.27691179513931274
1311,-0.37001538276672363
1312,-0.16134731471538544
1313,0.17893993854522705
1314,0.37609270215034485
1315,0.26492854952812195
1316,-0.06496448814868927
1317,-0.33688125014305115
1318,-0.3370184302330017
1319,-0.06683529913425446
1320,0.25885510444641113
1321,0.3770834505558014
1322,0.18381904065608978
1323,-0.15962344408035278
1324,-0.3704347312450409
1325,-0.2834670841693878
1326,0.03491471707820892
1327,0.32243043184280396
1328,0.3525058329105377
1329,0.09569954872131348
1330,-0.2397112399339676
1331,-0.38001707196235657
1332,-0.20671452581882477
1333,0.13222208619117737
1334,0.36152535676956177
1335,0.2991319000720978
1336,-0.014789827167987823
1337,-0.31781071424484253
1338,-0.3597644567489624
1339,-0.10879306495189667
1340,0.22515970468521118
1341,0.3767631947994232
1342,0.22628657519817352
1343,-0.11383254826068878
1344,-0.36027729511260986
1345,-0.30998557806015015
1346,-0.009327832609415054
1347,0.3005281090736389
1348,0.36217787861824036
1349,0.12978976964950562
1350,-0.20956438779830933
1351,-0.37865057587623596
1352,-0.23766252398490906
1353,0.0911007970571518
1354,0.34813570976257324
1355,0.32492953538894653
1356,0.03150820732116699
1357,-0.28677183389663696
1358,-0.3695039749145508
1359,-0.15365344285964966
1360,0.18532085418701172
1361,0.3733974099159241
1362,0.258537620306015
1363,-0.06732593476772308
1364,-0.33868077397346497
1365,-0.3369750380516052
1366,-0.05590929463505745
1367,0.26675599813461304
1368,0.3704989552497864
1369,0.17615273594856262
1370,-0.164120614528656
1371,-0.3714119493961334
1372,-0.2790469229221344
1373,0.04063624143600464
1374,0.3287135660648346
1375,0.3470562696456909
1376,0.08322039246559143
1377,-0.24593783915042877
1378,-0.37280410528182983
1379,-0.19623565673828125
1380,0.138849675655365
1381,0.364759236574173
1382,0.2901045083999634
1383,-0.02113582193851471
1384,-0.3124352693557739
1385,-0.35044050216674805
1386,-0.10446171462535858
1387,0.22935938835144043
1388,0.3771779537200928
1389,0.21552981436252594
1390,-0.12049165368080139
1391,-0.36119967699050903
1392,-0.30669257044792175
1393,-0.004738599061965942
1394,0.29661303758621216
1395,0.3563833236694336
1396,0.12514379620552063
1397,-0.21382223069667816
1398,-0.37752774357795715
1399,-0.2300480604171753
1400,0.10253407061100006
1401,0.3530345559120178
1402,0.3171369433403015
1403,0.026168547570705414
1404,-0.28465598821640015
1405,-0.36765629053115845
1406,-0.15123414993286133
1407,0.1904686540365219
1408,0.3747870624065399
1409,0.251132071018219
1410,-0.07444515824317932
1411,-0.340011328458786
1412,-0.3329264223575592
1413,-0.05337754264473915
1414,0.2710777819156647
1415,0.37152791023254395
1416,0.1671280562877655
1417,-0.17178772389888763
1418,-0.3736816346645355
1419,-0.2716013491153717
1420,0.05325756222009659
1421,0.3347589075565338
1422,0.342915415763855
1423,0.07234707474708557
1424,-0.25684839487075806
1425,-0.37565526366233826
1426,-0.18722988665103912
1427,0.15444865822792053
1428,0.3719712793827057
1429,0.2822956442832947
1430,-0.031253550201654434
1431,-0.3189273178577423
1432,-0.3513275980949402
1433,-0.09712696075439453
1434,0.23753264546394348
1435,0.3804166316986084
1436,0.2095261961221695
1437,-0.13267534971237183
1438,-0.3642614781856537
1439,-0.30078205466270447
1440,0.007321491837501526
1441,0.3110402524471283
1442,0.35988709330558777
1443,0.11752782762050629
1444,-0.21945980191230774
1445,-0.3783740997314453
1446,-0.22977781295776367
1447,0.10973696410655975
1448,0.35961809754371643
1449,0.31482791900634766
1450,0.015955690294504166
1451,-0.29103901982307434
1452,-0.3666463792324066
1453,-0.14611679315567017
1454,0.19953787326812744
1455,0.379531592130661
1456,0.25030526518821716
1457,-0.08305595070123672
1458,-0.3512003421783447
1459,-0.32823604345321655
1460,-0.039533406496047974
1461,0.27863019704818726
1462,0.37507861852645874
1463,0.16478674113750458
1464,-0.17873862385749817
1465,-0.3768814504146576
1466,-0.2650327682495117
1467,0.06487393379211426
1468,0.34343355894088745
1469,0.34343940019607544
1470,0.06338626146316528
1471,-0.2694816589355469
1472,-0.38483086228370667
1473,-0.18200211226940155
1474,0.16077713668346405
1475,0.3698732256889343
1476,0.2847074270248413
1477,-0.034478332847356796
1478,-0.32442641258239746
1479,-0.3470260798931122
1480,-0.08788818120956421
1481,0.24628323316574097
1482,0.38130295276641846
1483,0.20769572257995605
1484,-0.13573920726776123
1485,-0.36735057830810547
1486,-0.29670628905296326
1487,0.010433018207550049
1488,0.3075929880142212
1489,0.3586450219154358
1490,0.11207857728004456
1491,-0.22441108524799347
1492,-0.3717194199562073
1493,-0.21923276782035828
1494,0.11540378630161285
1495,0.35509154200553894
1496,0.30649489164352417
1497,0.012370306998491287
1498,-0.2973671555519104
1499,-0.3628581762313843
1500,-0.12860515713691711
1501,0.20851397514343262
1502,0.3756778836250305
1503,0.23824049532413483
1504,-0.0951518788933754
1505,-0.35414767265319824
1506,-0.3206543028354645
1507,-0.026315070688724518
1508,0.2857643961906433
1509,0.36776983737945557
1510,0.15392090380191803
1511,-0.1864134818315506
1512,-0.3744949698448181
1513,-0.25624722242355347
1514,0.06758622825145721
1515,0.3397814929485321
1516,0.3359563648700714
1517,0.05608164146542549
1518,-0.26569443941116333
1519,-0.37349021434783936
1520,-0.18050239980220795
1521,0.1631547063589096
1522,0.3718106746673584
1523,0.27324438095092773
1524,-0.04657867178320885
1525,-0.3263598382472992
1526,-0.3445515036582947
1527,-0.08304962515830994
1528,0.24726620316505432
1529,0.3794376850128174
1530,0.20263195037841797
1531,-0.14247770607471466
1532,-0.3703250586986542
1533,-0.2974555790424347
1534,0.01780695840716362
1535,0.31770187616348267
1536,0.35588836669921875
1537,0.10813659429550171
1538,-0.22962699830532074
1539,-0.38242602348327637
1540,-0.2218364030122757
1541,0.12172320485115051
1542,0.3658500611782074
1543,0.30609118938446045
1544,0.0011605024337768555
1545,-0.30536893010139465
1546,-0.3654140830039978
1547,-0.12648624181747437
1548,0.2176186740398407
1549,0.38188111782073975
1550,0.2356722503900528
1551,-0.09770329296588898
1552,-0.3543969392776489
1553,-0.32225552201271057
1554,-0.02765168994665146
1555,0.2885540723800659
1556,0.36896437406539917
1557,0.14782550930976868
1558,-0.18993264436721802
1559,-0.37362855672836304
1560,-0.2585532069206238
1561,0.07197065651416779
1562,0.34506160020828247
1563,0.3385966122150421
1564,0.0553472563624382
1565,-0.2730861306190491
1566,-0.37838858366012573
1567,-0.17394571006298065
1568,0.16849984228610992
1569,0.3745086193084717
1570,0.27815327048301697
1571,-0.04957900568842888
1572,-0.32820481061935425
1573,-0.3426087498664856
1574,-0.0772872120141983
1575,0.2553706467151642
1576,0.3745245337486267
1577,0.18830148875713348
1578,-0.1502162367105484
1579,-0.3673896789550781
1580,-0.28634995222091675
1581,0.026772785931825638
1582,0.3197745680809021
1583,0.3557620644569397
1584,0.09536643326282501
1585,-0.24016764760017395
1586,-0.37555965781211853
1587,-0.20758624374866486
1588,0.13156965374946594
1589,0.3640504479408264
1590,0.3000345230102539
1591,-0.010041091591119766
1592,-0.31416064500808716
1593,-0.3600594997406006
1594,-0.11631321161985397
1595,0.2219770848751068
1596,0.3839113116264343
1597,0.2273559868335724
1598,-0.11570386588573456
1599,-0.3630756139755249
1600,-0.31809863448143005
1601,-0.016370519995689392
1602,0.29677921533584595
1603,0.36922696232795715
1604,0.1438012421131134
1605,-0.1977902054786682
1606,-0.3775542378425598
1607,-0.2507994472980499
1608,0.07741333544254303
1609,0.3453819155693054
1610,0.33143025636672974
1611,0.04443860054016113
1612,-0.2750360667705536
1613,-0.37284591794013977
1614,-0.16860231757164001
1615,0.1770520955324173
1616,0.37558430433273315
1617,0.2660835385322571
1618,-0.060591284185647964
1619,-0.3355479836463928
1620,-0.33733728528022766
1621,-0.06169341504573822
1622,0.26513931155204773
1623,0.3728317618370056
1624,0.1769605129957199
1625,-0.16511043906211853
1626,-0.3744853138923645
1627,-0.28048619627952576
1628,0.04519599676132202
1629,0.32949236035346985
1630,0.34850114583969116
1631,0.08392475545406342
1632,-0.2529886066913605
1633,-0.38135969638824463
1634,-0.1985735446214676
1635,0.14470437169075012
1636,0.3694307804107666
1637,0.29553237557411194
1638,-0.02029130607843399
1639,-0.3186977207660675
1640,-0.3567151427268982
1641,-0.1070641428232193
1642,0.22933970391750336
1643,0.38256171345710754
1644,0.22404354810714722
1645,-0.11483222246170044
1646,-0.3625151813030243
1647,-0.31347912549972534
1648,-0.009723030030727386
1649,0.30430418252944946
1650,0.37245896458625793
1651,0.13693419098854065
1652,-0.2032710462808609
1653,-0.3848673403263092
1654,-0.25165796279907227
1655,0.08825381845235825
1656,0.35489073395729065
1657,0.3317376971244812
1658,0.0423334501683712
1659,-0.2831961512565613
1660,-0.3780674636363983
1661,-0.16147500276565552
1662,0.17982403934001923
1663,0.37590938806533813
1664,0.26528632640838623
1665,-0.06416478753089905
1666,-0.3386840522289276
1667,-0.33550140261650085
1668,-0.0632721483707428
1669,0.2589524984359741
1670,0.3713915944099426
1671,0.17664910852909088
1672,-0.16499528288841248
1673,-0.3696361184120178
1674,-0.26978278160095215
1675,0.049597010016441345
1676,0.3273729979991913
1677,0.3390600383281708
1678,0.07602223753929138
1679,-0.2490333616733551
1680,-0.3740382194519043
1681,-0.19141675531864166
1682,0.1510058343410492
1683,0.3671308159828186
1684,0.28510963916778564
1685,-0.027017954736948013
1686,-0.32099243998527527
1687,-0.3564065098762512
1688,-0.10539200901985168
1689,0.22614456713199615
1690,0.3816753923892975
1691,0.23050549626350403
1692,-0.11096116900444031
1693,-0.3599569499492645
1694,-0.317940354347229
1695,-0.01618308573961258
1696,0.2990054190158844
1697,0.37072330713272095
1698,0.1440436691045761
1699,-0.20097336173057556
1700,-0.3808518648147583
1701,-0.2527387738227844
1702,0.07972225546836853
1703,0.34922119975090027
1704,0.33138275146484375
1705,0.04145769029855728
1706,-0.28147488832473755
1707,-0.3774098753929138
1708,-0.1718931496143341
1709,0.17263180017471313
1710,0.3756299316883087
1711,0.27865180373191833
1712,-0.044340770691633224
1713,-0.33183765411376953
1714,-0.34557652473449707
1715,-0.07944314181804657
1716,0.25048190355300903
1717,0.37843823432922363
1718,0.21344789862632751
1719,-0.10469197481870651
1720,-0.33648422360420227
1721,-0.33003970980644226
1722,-0.10108311474323273
1723,0.18915237486362457
1724,0.3479771614074707
1725,0.2704746723175049
1726,0.012461557984352112
1727,-0.24787583947181702
1728,-0.34225010871887207
1729,-0.2069036364555359
1730,0.07316407561302185
1731,0.29776304960250854
1732,0.3124731183052063
1733,0.11463779211044312
1734,-0.16249217092990875
1735,-0.3220382332801819
1736,-0.258548378944397
1737,-0.020970743149518967
1738,0.23036998510360718
1739,0.32136595249176025
1740,0.19054563343524933
1741,-0.06766505539417267
1742,-0.27436205744743347
1743,-0.29435136914253235
1744,-0.11879231780767441
1745,0.13505391776561737
1746,0.295593798160553
1747,0.2580794394016266
1748,0.045225419104099274
1749,-0.1987108588218689
1750,-0.30394795536994934
1751,-0.2048342078924179
1752,0.029875904321670532
1753,0.24308553338050842
1754,0.29867786169052124
1755,0.1504792720079422
1756,-0.1054544448852539
1757,-0.288716584444046
1758,-0.2722475528717041
1759,-0.07250833511352539
1760,0.17895177006721497
1761,0.31951963901519775
1762,0.24040786921977997
1763,-0.01116371899843216
1764,-0.25215059518814087
1765,-0.32211560010910034
1766,-0.1723734438419342
1767,0.1021517813205719
1768,0.3060910701751709
1769,0.29616716504096985
1770,0.08309201896190643
1771,-0.18823422491550446
1772,-0.33426913619041443
1773,-0.25036710500717163
1774,0.007005024701356888
1775,0.25743409991264343
1776,0.33270806074142456
1777,0.18091680109500885
1778,-0.09593379497528076
1779,-0.30625516176223755
1780,-0.3065509796142578
1781,-0.09426458179950714
1782,0.18293902277946472
1783,0.33593031764030457
1784,0.26159682869911194
1785,0.004823669791221619
1786,-0.2544952630996704
1787,-0.33669042587280273
1788,-0.18937912583351135
1789,0.0854230672121048
1790,0.3055661916732788
1791,0.3125167191028595
1792,0.10331566631793976
1793,-0.17112001776695251
1794,-0.32614296674728394
1795,-0.26452454924583435
1796,-0.030369970947504044
1797,0.22663533687591553
1798,0.332398921251297
1799,0.2129504382610321
1800,-0.049115050584077835
1801,-0.28229406476020813
1802,-0.3229997158050537
1803,-0.14004144072532654
1804,0.1393783986568451
1805,0.32283541560173035
1806,0.2812384068965912
1807,0.051135968416929245
1808,-0.2136530876159668
1809,-0.32999035716056824
1810,-0.21939915418624878
1811,0.039661258459091187
1812,0.26880785822868347
1813,0.3107509911060333
1814,0.1445004940032959
1815,-0.12069186568260193
1816,-0.3031456470489502
1817,-0.28005433082580566
1818,-0.0648292675614357
1819,0.19591021537780762
1820,0.31897881627082825
1821,0.22356288135051727
1822,-0.020561181008815765
1823,-0.2495570331811905
1824,-0.3084701895713806
1825,-0.16474728286266327
1826,0.08915235102176666
1827,0.2897263765335083
1828,0.29229477047920227
1829,0.09349636733531952
1830,-0.1691831350326538
1831,-0.31351566314697266
1832,-0.24603930115699768
1833,-0.010430615395307541
1834,0.23230847716331482
1835,0.3145557641983032
1836,0.1833081692457199
1837,-0.06668157875537872
1838,-0.27055680751800537
1839,-0.29365575313568115
1840,-0.11482930183410645
1841,0.1417040228843689
1842,0.2999836802482605
1843,0.2527332901954651
1844,0.0362095944583416
1845,-0.20262427628040314
1846,-0.30750027298927307
1847,-0.20401540398597717
1848,0.03488033637404442
1849,0.24864742159843445
1850,0.29411157965660095
1851,0.13685116171836853
1852,-0.11220062524080276
1853,-0.2885593771934509
1854,-0.2679721713066101
1855,-0.06397950649261475
1856,0.18178097903728485
1857,0.3060431480407715
1858,0.22406944632530212
1859,-0.013849418610334396
1860,-0.24653542041778564
1861,-0.30824610590934753
1862,-0.15981994569301605
1863,0.10043895244598389
1864,0.29276618361473083
1865,0.2864466905593872
1866,0.08339130878448486
1867,-0.1772850900888443
1868,-0.3191259801387787
1869,-0.24358706176280975
1870,-0.0037267394363880157
1871,0.23919883370399475
1872,0.32327574491500854
1873,0.1805284023284912
1874,-0.08518672734498978
1875,-0.28885263204574585
1876,-0.2971660792827606
1877,-0.10185866057872772
1878,0.16567885875701904
1879,0.31828534603118896
1880,0.24982132017612457
1881,0.010659273713827133
1882,-0.2333960086107254
1883,-0.32186979055404663
1884,-0.19012290239334106
1885,0.07160037755966187
1886,0.28206250071525574
1887,0.30339810252189636
1888,0.11637875437736511
1889,-0.15096020698547363
1890,-0.3144786059856415
1891,-0.26357385516166687
1892,-0.0315200537443161
1893,0.221196711063385
1894,0.32172974944114685
1895,0.20485085248947144
1896,-0.05689459294080734
1897,-0.2763575315475464
1898,-0.3061809539794922
1899,-0.12741979956626892
1900,0.13810154795646667
1901,0.3043316602706909
1902,0.2655904293060303
1903,0.04756324738264084
1904,-0.20250168442726135
1905,-0.3148258626461029
1906,-0.21278542280197144
1907,0.033259350806474686
1908,0.2586108446121216
1909,0.30567991733551025
1910,0.14311210811138153
1911,-0.11445997655391693
1912,-0.29574793577194214
1913,-0.2808118760585785
1914,-0.07540521025657654
1915,0.18233689665794373
1916,0.31331926584243774
1917,0.23085182905197144
1918,-0.006850752979516983
1919,-0.2394097000360489
1920,-0.31130558252334595
1921,-0.1719818413257599
1922,0.08508671820163727
1923,0.2850804924964905
1924,0.29007023572921753
1925,0.09891638904809952
1926,-0.16346009075641632
1927,-0.3120898902416229
1928,-0.24761606752872467
1929,-0.016474753618240356
1930,0.22877267003059387
1931,0.3177330791950226
1932,0.19259048998355865
1933,-0.06413021683692932
1934,-0.27778294682502747
1935,-0.3039783239364624
1936,-0.12112261354923248
1937,0.14421218633651733
1938,0.3103671073913574
1939,0.2654447853565216
1940,0.0384085550904274
1941,-0.21388447284698486
1942,-0.32116761803627014
1943,-0.2123112678527832
1944,0.03968144208192825
1945,0.2650756537914276
1946,0.30775749683380127
1947,0.14057929813861847
1948,-0.12397253513336182
1949,-0.30625349283218384
1950,-0.27828389406204224
1951,-0.057230692356824875
1952,0.20539292693138123
1953,0.32473236322402954
1954,0.22325363755226135
1955,-0.02414410188794136
1956,-0.25937724113464355
1957,-0.31790274381637573
1958,-0.15391813218593597
1959,0.11206184327602386
1960,0.2980421781539917
1961,0.28510579466819763
1962,0.07992904633283615
1963,-0.18118545413017273
1964,-0.31619715690612793
1965,-0.23579344153404236
1966,0.005899518728256226
1967,0.24445423483848572
1968,0.3142935633659363
1969,0.16781234741210938
1970,-0.09305142611265182
1971,-0.29060930013656616
1972,-0.2899189293384552
1973,-0.09325115382671356
1974,0.1653483510017395
1975,0.313263863325119
1976,0.24951371550559998
1977,0.01784501224756241
1978,-0.22646202147006989
1979,-0.314747154712677
1980,-0.18669727444648743
1981,0.06972792744636536
1982,0.2767133116722107
1983,0.29631057381629944
1984,0.11422669887542725
1985,-0.14799374341964722
1986,-0.3068174719810486
1987,-0.25896406173706055
1988,-0.03705330938100815
1989,0.21266646683216095
1990,0.3185634911060333
1991,0.20387732982635498
1992,-0.04549761116504669
1993,-0.2597246766090393
1994,-0.30187591910362244
1995,-0.13923102617263794
1996,0.11910855770111084
1997,0.2970559895038605
1998,0.2702887952327728
1999,0.06345561146736145
2000,-0.18886800110340118
2001,-0.3192058205604553
2002,-0.2283778190612793
2003,0.019411150366067886
2004,0.24947082996368408
2005,0.31208741664886475
2006,0.16523046791553497
2007,-0.09764740616083145
2008,-0.2920725345611572
2009,-0.28859350085258484
2010,-0.08730590343475342
2011,0.17483682930469513
2012,0.31611892580986023
2013,0.24426618218421936
2014,0.00769931823015213
2015,-0.2338816523551941
2016,-0.3188425302505493
2017,-0.18249961733818054
2018,0.07843609154224396
2019,0.2868227958679199
2020,0.2983050048351288
2021,0.10497712343931198
2022,-0.15629318356513977
2023,-0.31328439712524414
2024,-0.2575278878211975
2025,-0.025327615439891815
2026,0.22568297386169434
2027,0.3234413266181946
2028,0.19776228070259094
2029,-0.059794723987579346
2030,-0.27609550952911377
2031,-0.3092491924762726
2032,-0.1295901983976364
2033,0.13984209299087524
2034,0.31377941370010376
2035,0.2730954885482788
2036,0.046158045530319214
2037,-0.2105039656162262
2038,-0.3259870111942291
2039,-0.21772168576717377
2040,0.03724084794521332
2041,0.2656218111515045
2042,0.3136824667453766
2043,0.14565429091453552
2044,-0.11889849603176117
2045,-0.30271995067596436
2046,-0.2778933048248291
2047,-0.05943452566862106
2048,0.19464148581027985
2049,0.31801435351371765
2050,0.22667436301708221
2051,-0.023045092821121216
2052,-0.2561074197292328
2053,-0.3131720721721649
2054,-0.15973080694675446
2055,0.10493628680706024
2056,0.3030337989330292
2057,0.28850024938583374
2058,0.07657112181186676
2059,-0.18097586929798126
2060,-0.31530696153640747
2061,-0.2393122911453247
2062,0.0004070475697517395
2063,0.23989179730415344
2064,0.31617891788482666
2065,0.17321112751960754
2066,-0.08839374780654907
2067,-0.28595900535583496
2068,-0.29461669921875
2069,-0.10077661275863647
2070,0.16167616844177246
2071,0.31218740344047546
2072,0.2543701231479645
2073,0.02196396514773369
2074,-0.22666485607624054
2075,-0.31731340289115906
2076,-0.19052471220493317
2077,0.06473071873188019
2078,0.2787030339241028
2079,0.30191949009895325
2080,0.12340610474348068
2081,-0.1365939974784851
2082,-0.3040754795074463
2083,-0.2656072974205017
2084,-0.0427417978644371
2085,0.21167482435703278
2086,0.32045722007751465
2087,0.2117873877286911
2088,-0.042983412742614746
2089,-0.2704717218875885
2090,-0.3143937289714813
2091,-0.14408130943775177
2092,0.12231767177581787
2093,0.30500587821006775
2094,0.28353509306907654
2095,0.06789717823266983
2096,-0.1987762600183487
2097,-0.32746249437332153
2098,-0.23048599064350128
2099,0.024073656648397446
2100,0.26269614696502686
2101,0.32197999954223633
2102,0.16758587956428528
2103,-0.10261699557304382
2104,-0.3017374873161316
2105,-0.29658380150794983
2106,-0.08845431357622147
2107,0.18373507261276245
2108,0.3298346996307373
2109,0.2480757087469101
2110,-0.004532415419816971
2111,-0.2517099380493164
2112,-0.33079904317855835
2113,-0.18312178552150726
2114,0.08908781409263611
2115,0.298421174287796
2116,0.3071455657482147
2117,0.10893131792545319
2118,-0.16816210746765137
2119,-0.3266890048980713
2120,-0.2578469216823578
2121,-0.019877061247825623
2122,0.23743706941604614
2123,0.33265629410743713
2124,0.19788409769535065
2125,-0.07182212173938751
2126,-0.2875615656375885
2127,-0.3084721863269806
2128,-0.12376689910888672
2129,0.1471896916627884
2130,0.315681517124176
2131,0.27041658759117126
2132,0.038875680416822433
2133,-0.21654291450977325
2134,-0.3273395299911499
2135,-0.21413102746009827
2136,0.04538257420063019
2137,0.2741391360759735
2138,0.3141706585884094
2139,0.13939107954502106
2140,-0.12382650375366211
2141,-0.3080439865589142
2142,-0.2785485088825226
2143,-0.059363801032304764
2144,0.20065446197986603
2145,0.3252794146537781
2146,0.22987815737724304
2147,-0.018328797072172165
2148,-0.25620707869529724
2149,-0.31837761402130127
2150,-0.16500191390514374
2151,0.1008368507027626
2152,0.2971462607383728
2153,0.2931632101535797
2154,0.08823219686746597
2155,-0.1760341227054596
2156,-0.32142001390457153
2157,-0.24991393089294434
2158,-0.007024943828582764
2159,0.24273070693016052
2160,0.32553353905677795
2161,0.1865508258342743
2162,-0.08278393745422363
2163,-0.29573383927345276
2164,-0.3011907935142517
2165,-0.10522614419460297
2166,0.15977875888347626
2167,0.3162097632884979
2168,0.26260435581207275
2169,0.027289848774671555
2170,-0.2272091805934906
2171,-0.3282955288887024
2172,-0.20658865571022034
2173,0.057863231748342514
2174,0.28352975845336914
2175,0.31740450859069824
2176,0.12916851043701172
2177,-0.1411142200231552
2178,-0.3161613345146179
2179,-0.27871519327163696
2180,-0.04681820049881935
2181,0.2160087674856186
2182,0.3268013298511505
2183,0.21848510205745697
2184,-0.038313303142786026
2185,-0.27529507875442505
2186,-0.3178350031375885
2187,-0.14344143867492676
2188,0.12479764223098755
2189,0.31232768297195435
2190,0.2883177101612091
2191,0.06465408205986023
2192,-0.2009565234184265
2193,-0.3276539146900177
2194,-0.23350371420383453
2195,0.01624639332294464
2196,0.2579204738140106
2197,0.32255586981773376
2198,0.16870377957820892
2199,-0.0995432436466217
2200,-0.2981600761413574
2201,-0.2919805943965912
2202,-0.0875023901462555
2203,0.17992249131202698
2204,0.3227882981300354
2205,0.24804043769836426
2206,0.004751045256853104
2207,-0.2414131462574005
2208,-0.32171234488487244
2209,-0.18760882318019867
2210,0.07482050359249115
2211,0.28644895553588867
2212,0.3004723787307739
2213,0.1083919107913971
2214,-0.15738379955291748
2215,-0.32026976346969604
2216,-0.261692076921463
2217,-0.0203208327293396
2218,0.2295643836259842
2219,0.32059088349342346
2220,0.2012564241886139
2221,-0.05691441148519516
2222,-0.2779616713523865
2223,-0.30875757336616516
2224,-0.13094612956047058
2225,0.1392281949520111
2226,0.31294605135917664
2227,0.2754621207714081
2228,0.05225256085395813
2229,-0.2109990268945694
2230,-0.32719486951828003
2231,-0.22029078006744385
2232,0.03486127778887749
2233,0.26400086283683777
2234,0.31536465883255005
2235,0.1513296365737915
2236,-0.12004393339157104
2237,-0.30669236183166504
2238,-0.28594377636909485
2239,-0.069086454808712
2240,0.19662536680698395
2241,0.3268130421638489
2242,0.23393230140209198
2243,-0.020907238125801086
2244,-0.25852376222610474
2245,-0.32239124178886414
2246,-0.16931036114692688
2247,0.10312165319919586
2248,0.3046054542064667
2249,0.29536405205726624
2250,0.08762859553098679
2251,-0.17687615752220154
2252,-0.32648706436157227
2253,-0.250397264957428
2254,-0.0005410164594650269
2255,0.24483831226825714
2256,0.3259528875350952
2257,0.1843550056219101
2258,-0.08652060478925705
2259,-0.2976233661174774
2260,-0.3062712252140045
2261,-0.1033502146601677
2262,0.16811028122901917
2263,0.321380615234375
2264,0.258139967918396
2265,0.021653790026903152
2266,-0.2318493127822876
2267,-0.32615816593170166
2268,-0.1978762149810791
2269,0.06476762890815735
2270,0.2830333709716797
2271,0.30670398473739624
2272,0.12392052263021469
2273,-0.13992951810359955
2274,-0.31265491247177124
2275,-0.2721492648124695
2276,-0.04714611917734146
2277,0.20810383558273315
2278,0.3247741758823395
2279,0.2211264967918396
2280,-0.038579270243644714
2281,-0.2718573212623596
2282,-0.31682291626930237
2283,-0.14567863941192627
2284,0.12373338639736176
2285,0.30984532833099365
2286,0.2871480882167816
2287,0.0719790980219841
2288,-0.19210299849510193
2289,-0.3234931528568268
2290,-0.23688817024230957
2291,0.01258154958486557
2292,0.2538484036922455
2293,0.3197912573814392
2294,0.17303740978240967
2295,-0.08726422488689423
2296,-0.29528680443763733
2297,-0.3023294508457184
2298,-0.09977357089519501
2299,0.16960376501083374
2300,0.32505765557289124
2301,0.2606152892112732
2302,0.01663525402545929
2303,-0.23965981602668762
2304,-0.3313315510749817
2305,-0.19615662097930908
2306,0.0720125138759613
2307,0.2910420596599579
2308,0.31198635697364807
2309,0.12208987772464752
2310,-0.1520753800868988
2311,-0.3216233551502228
2312,-0.2715943157672882
2313,-0.03487323597073555
2314,0.22312916815280914
2315,0.33007121086120605
2316,0.2167312204837799
2317,-0.044802144169807434
2318,-0.27967578172683716
2319,-0.3234728276729584
2320,-0.14091114699840546
2321,0.13348379731178284
2322,0.31849727034568787
2323,0.28683844208717346
2324,0.05541667714715004
2325,-0.20964305102825165
2326,-0.3334106504917145
2327,-0.23196034133434296
2328,0.02921358495950699
2329,0.2679576575756073
2330,0.3251957893371582
2331,0.16215865314006805
2332,-0.11770309507846832
2333,-0.3111492097377777
2334,-0.2936035990715027
2335,-0.08157767355442047
2336,0.18837085366249084
2337,0.3280719816684723
2338,0.24576972424983978
2339,-0.005165137350559235
2340,-0.2508402466773987
2341,-0.32430076599121094
2342,-0.17009301483631134
2343,0.09936279058456421
2344,0.29836371541023254
2345,0.2973789870738983
2346,0.09846757352352142
2347,-0.16918112337589264
2348,-0.3221060633659363
2349,-0.2523964047431946
2350,-0.01355946809053421
2351,0.23344004154205322
2352,0.322744756937027
2353,0.19356772303581238
2354,-0.06964444369077682
2355,-0.28365558385849
2356,-0.30491048097610474
2357,-0.11978191137313843
2358,0.15076272189617157
2359,0.31902340054512024
2360,0.26559579372406006
2361,0.03602674603462219
2362,-0.2147679626941681
2363,-0.3253723978996277
2364,-0.20918062329292297
2365,0.0469941683113575
2366,0.27261117100715637
2367,0.30875828862190247
2368,0.13811129331588745
2369,-0.12613052129745483
2370,-0.30801889300346375
2371,-0.2779242992401123
2372,-0.05750904604792595
2373,0.2019152194261551
2374,0.3217938244342804
2375,0.22507697343826294
2376,-0.029851779341697693
2377,-0.26409000158309937
2378,-0.31622758507728577
2379,-0.15153586864471436
2380,0.11480526626110077
2381,0.3041592538356781
2382,0.2896883189678192
2383,0.07532580196857452
2384,-0.18756677210330963
2385,-0.3232665956020355
2386,-0.23566961288452148
2387,0.011298131197690964
2388,0.2476496398448944
2389,0.3206357955932617
2390,0.17559364438056946
2391,-0.09309184551239014
2392,-0.2942715883255005
2393,-0.2976225018501282
2394,-0.0938793271780014
2395,0.17515957355499268
2396,0.3215867578983307
2397,0.25157809257507324
2398,0.0063967034220695496
2399,-0.24492011964321136
2400,-0.3277546763420105
2401,-0.18917900323867798
2402,0.0770796537399292
2403,0.29338711500167847
2404,0.30505043268203735
2405,0.11063678562641144
2406,-0.1558736115694046
2407,-0.31989938020706177
2408,-0.2635801434516907
2409,-0.025351330637931824
2410,0.2286568284034729
2411,0.32679688930511475
2412,0.20623338222503662
2413,-0.05304491147398949
2414,-0.2748156189918518
2415,-0.3096725344657898
2416,-0.1347046047449112
2417,0.13301795721054077
2418,0.31253519654273987
2419,0.27991220355033875
2420,0.0539410300552845
2421,-0.2096828818321228
2422,-0.3264637589454651
2423,-0.22464755177497864
2424,0.031951434910297394
2425,0.2707923948764801
2426,0.3216091990470886
2427,0.15364906191825867
2428,-0.11528369784355164
2429,-0.3054068982601166
2430,-0.29050931334495544
2431,-0.0729861855506897
2432,0.18845736980438232
2433,0.3205586373806
2434,0.23740246891975403
2435,-0.009086355566978455
2436,-0.24837389588356018
2437,-0.32421553134918213
2438,-0.1777123510837555
2439,0.08970952033996582
2440,0.2944965958595276
2441,0.3013187050819397
2442,0.1043800637125969
2443,-0.1635003387928009
2444,-0.3183915317058563
2445,-0.2580435872077942
2446,-0.022992290556430817
2447,0.2314682900905609
2448,0.3263521194458008
2449,0.19610576331615448
2450,-0.07102444767951965
2451,-0.2912522852420807
2452,-0.31296154856681824
2453,-0.1232682317495346
2454,0.14720596373081207
2455,0.3196592628955841
2456,0.2764725983142853
2457,0.03867329657077789
2458,-0.22494851052761078
2459,-0.33019471168518066
2460,-0.2118985801935196
2461,0.050329361110925674
2462,0.27895721793174744
2463,0.31848660111427307
2464,0.14213979244232178
2465,-0.13253462314605713
2466,-0.3169212341308594
2467,-0.28560176491737366
2468,-0.0602804496884346
2469,0.20771931111812592
2470,0.33418598771095276
2471,0.23021836578845978
2472,-0.03174980729818344
2473,-0.27237769961357117
2474,-0.3296760320663452
2475,-0.16146144270896912
2476,0.11567422747612
2477,0.3146403133869171
2478,0.298147052526474
2479,0.0778215155005455
2480,-0.19401760399341583
2481,-0.33353129029273987
2482,-0.24733594059944153
2483,0.010773085057735443
2484,0.2617223858833313
2485,0.3312857449054718
2486,0.178108811378479
2487,-0.09874749928712845
2488,-0.30546438694000244
2489,-0.3026188910007477
2490,-0.09800326824188232
2491,0.17428268492221832
2492,0.32636162638664246
2493,0.25436070561408997
2494,0.011839661747217178
2495,-0.2362118810415268
2496,-0.3267262876033783
2497,-0.19471712410449982
2498,0.07307468354701996
2499,0.28908973932266235
2500,0.30774810910224915
2501,0.12181292474269867
2502,-0.1506173461675644
2503,-0.31827205419540405
2504,-0.2694209814071655
2505,-0.03745737299323082
2506,0.22115114331245422
2507,0.3278251886367798
2508,0.21177063882350922
2509,-0.047821518033742905
2510,-0.2738635241985321
2511,-0.31850290298461914
2512,-0.14342230558395386
2513,0.12890318036079407
2514,0.3131745457649231
2515,0.2829448878765106
2516,0.05808495357632637
2517,-0.20218871533870697
2518,-0.32840725779533386
2519,-0.2302795946598053
2520,0.02503534033894539
2521,0.26527538895606995
2522,0.3282686769962311
2523,0.1674424707889557
2524,-0.11047205328941345
2525,-0.31180962920188904
2526,-0.2977829575538635
2527,-0.08308129012584686
2528,0.18589335680007935
2529,0.3312760293483734
2530,0.2545135021209717
2531,0.0011731646955013275
2532,-0.2530425786972046
2533,-0.3300064504146576
2534,-0.18431644141674042
2535,0.08680848777294159
2536,0.3035232424736023
2537,0.30722394585609436
2538,0.09977501630783081
2539,-0.171541228890419
2540,-0.3256964683532715
2541,-0.2623967230319977
2542,-0.01697920635342598
2543,0.24331547319889069
2544,0.33456331491470337
2545,0.19831088185310364
2546,-0.07130368053913116
2547,-0.29402393102645874
2548,-0.3174850046634674
2549,-0.12800589203834534
2550,0.14982369542121887
2551,0.32559069991111755
2552,0.2727976143360138
2553,0.036977723240852356
2554,-0.22469665110111237
2555,-0.3327273726463318
2556,-0.2128169983625412
2557,0.0511411689221859
2558,0.2803153693675995
2559,0.3199096918106079
2560,0.14309526979923248
2561,-0.13393637537956238
2562,-0.31809529662132263
2563,-0.2848474383354187
2564,-0.0545680858194828
2565,0.21063630282878876
2566,0.333537757396698
2567,0.22648248076438904
2568,-0.03618911653757095
2569,-0.27270203828811646
2570,-0.3216804265975952
2571,-0.15509581565856934
2572,0.11222030222415924
2573,0.30402249097824097
2574,0.28903287649154663
2575,0.07618515938520432
2576,-0.1917143017053604
2577,-0.3247298002243042
2578,-0.23565839231014252
2579,0.008076313883066177
2580,0.24814340472221375
2581,0.31977030634880066
2582,0.1697137951850891
2583,-0.09252525120973587
2584,-0.2914026081562042
2585,-0.29628196358680725
2586,-0.09483456611633301
2587,0.16985827684402466
2588,0.3143468499183655
2589,0.2471531629562378
2590,0.010549616068601608
2591,-0.2367720901966095
2592,-0.3231106400489807
2593,-0.1937180459499359
2594,0.06796754896640778
2595,0.28393083810806274
2596,0.30549341440200806
2597,0.12548509240150452
2598,-0.1440858542919159
2599,-0.3154071271419525
2600,-0.26759931445121765
2601,-0.039973676204681396
2602,0.2196800410747528
2603,0.3320330083370209
2604,0.21477079391479492
2605,-0.0465564951300621
2606,-0.2770838439464569
2607,-0.32133737206459045
2608,-0.14740049839019775
2609,0.1279224455356598
2610,0.31816595792770386
2611,0.28783944249153137
2612,0.061540890485048294
2613,-0.20765149593353271
2614,-0.3344785273075104
2615,-0.23174792528152466
2616,0.02715296670794487
2617,0.27155420184135437
2618,0.3266557455062866
2619,0.16032284498214722
2620,-0.11424339562654495
2621,-0.31063032150268555
2622,-0.2942328453063965
2623,-0.07953858375549316
2624,0.190035879611969
2625,0.33053460717201233
2626,0.24759098887443542
2627,-0.0036693885922431946
2628,-0.25620147585868835
2629,-0.33217594027519226
2630,-0.1811138391494751
2631,0.09965509176254272
2632,0.31071335077285767
2633,0.30571773648262024
2634,0.09475205838680267
2635,-0.18092525005340576
2636,-0.3340780436992645
2637,-0.2589547634124756
2638,-0.009248398244380951
2639,0.2482653111219406
2640,0.3331911861896515
2641,0.18968844413757324
2642,-0.08261147886514664
2643,-0.29752230644226074
2644,-0.305427610874176
2645,-0.1108417958021164
2646,0.15270504355430603
2647,0.31578975915908813
2648,0.2692332863807678
2649,0.03916005790233612
2650,-0.21693654358386993
2651,-0.3272341787815094
2652,-0.21623842418193817
2653,0.04276588559150696
2654,0.27101391553878784
2655,0.31684643030166626
2656,0.14486883580684662
2657,-0.12599997222423553
2658,-0.3140813410282135
2659,-0.28430676460266113
2660,-0.061082299798727036
2661,0.20168447494506836
2662,0.32862287759780884
2663,0.22779643535614014
2664,-0.022966936230659485
2665,-0.2555025815963745
2666,-0.31796395778656006
2667,-0.16711878776550293
2668,0.09983475506305695
2669,0.29973217844963074
2670,0.2925056219100952
2671,0.08876892924308777
2672,-0.17794930934906006
2673,-0.3263435959815979
2674,-0.25504350662231445
2675,-0.005847658962011337
2676,0.24854999780654907
2677,0.33256953954696655
2678,0.19227361679077148
2679,-0.08053387701511383
2680,-0.29808560013771057
2681,-0.31171223521232605
2682,-0.10946693271398544
2683,0.1690826267004013
2684,0.3335241377353668
2685,0.2649989724159241
2686,0.018437456339597702
2687,-0.23995204269886017
2688,-0.3378032445907593
2689,-0.2071424126625061
2690,0.06413584202528
2691,0.29048851132392883
2692,0.3193671703338623
2693,0.12639892101287842
2694,-0.15494903922080994
2695,-0.32757803797721863
2696,-0.2767426371574402
2697,-0.035023387521505356
2698,0.2321072518825531
2699,0.339038223028183
2700,0.21525558829307556
2701,-0.0502430722117424
2702,-0.2861791253089905
2703,-0.32545995712280273
2704,-0.14132623374462128
2705,0.13609309494495392
2706,0.32162177562713623
2707,0.2845909297466278
2708,0.056981440633535385
2709,-0.2137158215045929
2710,-0.3387588560581207
2711,-0.2335433065891266
2712,0.028728824108839035
2713,0.27284717559814453
2714,0.332048237323761
2715,0.16573771834373474
2716,-0.11372704058885574
2717,-0.3160621225833893
2718,-0.30388757586479187
2719,-0.08687753975391388
2720,0.19200724363327026
2721,0.33752918243408203
2722,0.2529125511646271
2723,-0.004769451916217804
2724,-0.26254457235336304
2725,-0.3412872850894928
2726,-0.18632134795188904
2727,0.10295474529266357
2728,0.32002800703048706
2729,0.31379246711730957
2730,0.09679065644741058
2731,-0.18645672500133514
2732,-0.3434032201766968
2733,-0.26772263646125793
2734,-0.00776967778801918
2735,0.25449618697166443
2736,0.34486615657806396
2737,0.20131543278694153
2738,-0.08081194758415222
2739,-0.3054163455963135
2740,-0.3225465416908264
2741,-0.12043538689613342
2742,0.16675838828086853
2743,0.3396155536174774
2744,0.27062976360321045
2745,0.0025848373770713806
2746,-0.27683013677597046
2747,-0.35102835297584534
2748,-0.1548226773738861
2749,0.1665397733449936
2750,0.36543890833854675
2751,0.28533631563186646
2752,-0.013040624558925629
2753,-0.30179548263549805
2754,-0.3653436303138733
2755,-0.1526883989572525
2756,0.17356935143470764
2757,0.3677690327167511
2758,0.2885854244232178
2759,-0.010637953877449036
2760,-0.3036928176879883
2761,-0.36672845482826233
2762,-0.15224424004554749
2763,0.17947617173194885
2764,0.37968921661376953
2765,0.28870996832847595
2766,-0.01602095365524292
2767,-0.3072822690010071
2768,-0.3744843602180481
2769,-0.15837082266807556
2770,0.1777915060520172
2771,0.3812341094017029
2772,0.2975386381149292
2773,-0.016913339495658875
2774,-0.32022756338119507
2775,-0.3771650493144989
2776,-0.15255281329154968
2777,0.185373917222023
2778,0.3824852406978607
2779,0.2938099205493927
2780,-0.016217581927776337
2781,-0.31450435519218445
2782,-0.38029229640960693
2783,-0.15968099236488342
2784,0.18161305785179138
2785,0.3893582820892334
2786,0.299860417842865
2787,-0.016410697251558304
2788,-0.31388741731643677
2789,-0.3816433846950531
2790,-0.15791474282741547
2791,0.18743856251239777
2792,0.3878227472305298
2793,0.29456451535224915
2794,-0.02034950628876686
2795,-0.3193962275981903
2796,-0.3779066801071167
2797,-0.14913761615753174
2798,0.18866978585720062
2799,0.3856769800186157
2800,0.2942201495170593
2801,-0.021564703434705734
2802,-0.31693679094314575
2803,-0.3736060857772827
2804,-0.14681433141231537
2805,0.19114887714385986
2806,0.38151079416275024
2807,0.28727802634239197
2808,-0.022278696298599243
2809,-0.3120497167110443
2810,-0.36665579676628113
2811,-0.15256240963935852
2812,0.1770806461572647
2813,0.37745237350463867
2814,0.29317712783813477
2815,-0.01097412034869194
2816,-0.3081713318824768
2817,-0.3683515787124634
2818,-0.14994440972805023
2819,0.18078728020191193
2820,0.37335479259490967
2821,0.2849191129207611
2822,-0.01959173008799553
2823,-0.3097880780696869
2824,-0.3617002069950104
2825,-0.14479157328605652
2826,0.18397840857505798
2827,0.3700897693634033
2828,0.27154237031936646
2829,-0.027679432183504105
2830,-0.302930623292923
2831,-0.3515552282333374
2832,-0.1358703225851059
2833,0.18208825588226318
2834,0.3622153401374817
2835,0.26901975274086
2836,-0.029163315892219543
2837,-0.3032815158367157
2838,-0.34840092062950134
2839,-0.12790772318840027
2840,0.19164198637008667
2841,0.362247109413147
2842,0.2599220871925354
2843,-0.03867312893271446
2844,-0.3089728057384491
2845,-0.3447955846786499
2846,-0.11752147972583771
2847,0.19950751960277557
2848,0.36594557762145996
2849,0.25765541195869446
2850,-0.0425923652946949
2851,-0.3105026185512543
2852,-0.3438242971897125
2853,-0.11639262735843658
2854,0.19878610968589783
2855,0.3654956519603729
2856,0.25699764490127563
2857,-0.05000365525484085
2858,-0.31893742084503174
2859,-0.34392014145851135
2860,-0.11370773613452911
2861,0.19906023144721985
2862,0.3627181649208069
2863,0.25057253241539
2864,-0.054026708006858826
2865,-0.3107737600803375
2866,-0.33504050970077515
2867,-0.1090630367398262
2868,0.20308534801006317
2869,0.3569546341896057
2870,0.24320651590824127
2871,-0.052635833621025085
2872,-0.3056464195251465
2873,-0.3263009786605835
2874,-0.1003870964050293
2875,0.20545539259910583
2876,0.35281020402908325
2877,0.23004691302776337
2878,-0.06331227719783783
2879,-0.3114405572414398
2880,-0.3275456428527832
2881,-0.09160017222166061
2882,0.21110624074935913
2883,0.3503772020339966
2884,0.22878795862197876
2885,-0.06542964279651642
2886,-0.3119039237499237
2887,-0.3221532702445984
2888,-0.08580789715051651
2889,0.21811388432979584
2890,0.3552173376083374
2891,0.22276906669139862
2892,-0.07836313545703888
2893,-0.32579296827316284
2894,-0.32755863666534424
2895,-0.08149276673793793
2896,0.2234787791967392
2897,0.3639443516731262
2898,0.2245512157678604
2899,-0.08973923325538635
2900,-0.3333820402622223
2901,-0.3236255347728729
2902,-0.06661766022443771
2903,0.24185968935489655
2904,0.3634240925312042
2905,0.21404433250427246
2906,-0.09425397217273712
2907,-0.33402344584465027
2908,-0.3200467526912689
2909,-0.06536832451820374
2910,0.23917828500270844
2911,0.3604007959365845
2912,0.20922762155532837
2913,-0.09910431504249573
2914,-0.3328883647918701
2915,-0.3142928183078766
2916,-0.059876929968595505
2917,0.23776492476463318
2918,0.35382893681526184
2919,0.20791670680046082
2920,-0.09661243855953217
2921,-0.33285754919052124
2922,-0.3148021399974823
2923,-0.05507631227374077
2924,0.2471192628145218
2925,0.357488214969635
2926,0.19883018732070923
2927,-0.10668691247701645
2928,-0.33621087670326233
2929,-0.31788739562034607
2930,-0.057039856910705566
2931,0.24597781896591187
2932,0.36428698897361755
2933,0.21087431907653809
2934,-0.10636685788631439
2935,-0.341339647769928
2936,-0.32041478157043457
2937,-0.05541862174868584
2938,0.2575000524520874
2939,0.37273120880126953
2940,0.21119023859500885
2941,-0.10901308804750443
2942,-0.3527224659919739
2943,-0.3250202536582947
2944,-0.05075657740235329
2945,0.2583177387714386
2946,0.372045636177063
2947,0.20487259328365326
2948,-0.11709335446357727
2949,-0.351046621799469
2950,-0.3217790722846985
2951,-0.0535624697804451
2952,0.25554996728897095
2953,0.37462958693504333
2954,0.20806989073753357
2955,-0.1141895055770874
2956,-0.35034477710723877
2957,-0.3227917551994324
2958,-0.04987899959087372
2959,0.25934940576553345
2960,0.37339311838150024
2961,0.2089739292860031
2962,-0.11133303493261337
2963,-0.35047709941864014
2964,-0.32247593998908997
2965,-0.04937957599759102
2966,0.25990942120552063
2967,0.3695431053638458
2968,0.2032412588596344
2969,-0.11720114946365356
2970,-0.35355108976364136
2971,-0.3235597610473633
2972,-0.05018928647041321
2973,0.2604868710041046
2974,0.3728518784046173
2975,0.20630617439746857
2976,-0.11663248389959335
2977,-0.3522881865501404
2978,-0.31868109107017517
2979,-0.04426700249314308
2980,0.26098448038101196
2981,0.375148743391037
2982,0.20214948058128357
2983,-0.1213650107383728
2984,-0.3505527377128601
2985,-0.31660783290863037
2986,-0.04193875193595886
2987,0.2603197991847992
2988,0.36845049262046814
2989,0.196608766913414
2990,-0.12108791619539261
2991,-0.34849071502685547
2992,-0.3137463331222534
2993,-0.03817475587129593
2994,0.26477599143981934
2995,0.36638230085372925
2996,0.19286663830280304
2997,-0.12677495181560516
2998,-0.3499223291873932
2999,-0.3058421313762665
3000,-0.02989976480603218
3001,0.26566022634506226
3002,0.36241722106933594
3003,0.1938532441854477
3004,-0.1248648539185524
3005,-0.3511667549610138
3006,-0.3075050115585327
3007,-0.03309738636016846
3008,0.26466816663742065
3009,0.36465826630592346
3010,0.1846947968006134
3011,-0.13832667469978333
3012,-0.35220521688461304
3013,-0.3006913661956787
3014,-0.024777982383966446
3015,0.2722722291946411
3016,0.36414530873298645
3017,0.1760881543159485
3018,-0.14541377127170563
3019,-0.35585442185401917
3020,-0.29332685470581055
3021,-0.009424690157175064
3022,0.2813839912414551
3023,0.36186903715133667
3024,0.1679961085319519
3025,-0.14868196845054626
3026,-0.3548230230808258
3027,-0.29181045293807983
3028,-0.007559660822153091
3029,0.2818206250667572
3030,0.3574635088443756
3031,0.15695464611053467
3032,-0.16092190146446228
3033,-0.3555315136909485
3034,-0.28875190019607544
3035,-0.0028701722621917725
3036,0.2896215319633484
3037,0.358782023191452
3038,0.15784016251564026
3039,-0.15813280642032623
3040,-0.35618361830711365
3041,-0.2843490242958069
3042,0.0076567307114601135
3043,0.28999337553977966
3044,0.35292530059814453
3045,0.15145042538642883
3046,-0.16600307822227478
3047,-0.36184215545654297
3048,-0.2827776074409485
3049,0.012504812330007553
3050,0.2965328097343445
3051,0.35652706027030945
3052,0.14648713171482086
3053,-0.18093274533748627
3054,-0.3707214891910553
3055,-0.27607262134552
3056,0.020915787667036057
3057,0.3057103455066681
3058,0.3601033389568329
3059,0.14298996329307556
3060,-0.18140029907226562
3061,-0.3694971203804016
3062,-0.27890005707740784
3063,0.02647065371274948
3064,0.3126656413078308
3065,0.357443243265152
3066,0.13672903180122375
3067,-0.18403169512748718
3068,-0.3690631687641144
3069,-0.278807133436203
3070,0.021278779953718185
3071,0.3085811734199524
3072,0.36102190613746643
3073,0.1373092085123062
3074,-0.18547135591506958
3075,-0.3728993535041809
3076,-0.2810900807380676
3077,0.024654608219861984
3078,0.3118308186531067
3079,0.36584770679473877
3080,0.14016419649124146
3081,-0.19114482402801514
3082,-0.3744400143623352
3083,-0.2744441628456116
3084,0.034524112939834595
3085,0.3188167214393616
3086,0.3652075529098511
3087,0.13677091896533966
3088,-0.19307149946689606
3089,-0.3797045350074768
3090,-0.28051576018333435
3091,0.028034307062625885
3092,0.3137218952178955
3093,0.36500465869903564
3094,0.13607701659202576
3095,-0.19413764774799347
3096,-0.378706693649292
3097,-0.2796204686164856
3098,0.029616758227348328
3099,0.31878191232681274
3100,0.3658161759376526
3101,0.14036348462104797
3102,-0.19190143048763275
3103,-0.3799354135990143
3104,-0.27530524134635925
3105,0.03573077917098999
3106,0.3165941536426544
3107,0.35744771361351013
3108,0.1286667287349701
3109,-0.19488312304019928
3110,-0.37645402550697327
3111,-0.2749379873275757
3112,0.03839302808046341
3113,0.3169439136981964
3114,0.3576838970184326
3115,0.1289922595024109
3116,-0.19742579758167267
3117,-0.377261757850647
3118,-0.2684153914451599
3119,0.0415031872689724
3120,0.3216550946235657
3121,0.35952281951904297
3122,0.12249940633773804
3123,-0.20675192773342133
3124,-0.37635698914527893
3125,-0.2597365081310272
3126,0.04561381787061691
3127,0.3165746331214905
3128,0.3503234386444092
3129,0.12243447452783585
3130,-0.19906094670295715
3131,-0.3693200945854187
3132,-0.2615526616573334
3133,0.04410907253623009
3134,0.3181252181529999
3135,0.34970229864120483
3136,0.11666125059127808
3137,-0.20110899209976196
3138,-0.3676665127277374
3139,-0.25247687101364136
3140,0.05547885224223137
